a		409273.5	0.5547
a	ा	282597.4	0.3830
r	र	171785.4	0.7086
k	क	154617.7	0.8759
i	ि	142451.9	0.6069
e	े	128121.4	0.9260
n	न	126251.1	0.5939
l	ल	123277.7	0.8597
m	म	117180.5	0.8365
o	ो	116855.9	0.9693
s	स	112585.9	0.6988
t	त	88211.0	0.4835
p	प	80673.9	0.7870
u	ु	75775.9	0.7105
i	ी	66648.6	0.2839
ma	मा	64809.5	0.8830
b	ब	63163.9	0.6854
h		62583.5	0.5597
ai	ै	60563.2	0.5961
ka	का	57957.2	0.9670
d	द	55008.5	0.4648
w	व	53573.3	0.9097
sa	स	52931.2	0.9452
r	र्	52500.8	0.2166
g	ग	52165.6	0.8040
n	न्	50651.6	0.2383
ko	को	46892.5	0.9995
bh	भ	45254.7	0.9953
h	ह	44715.7	0.3999
y	्य	44093.9	0.5983
j	ज	42351.4	0.9057
s	स्	40492.3	0.2513
ra	्र	38775.1	0.5604
kh	ख	38579.8	0.9771
ch	च	37236.4	0.7089
sh	श	36558.8	0.5700
ai	ाई	35795.6	0.3523
dh	ध	35116.1	0.7974
ar	र	29530.2	0.4574
t	ट	28840.8	0.1581
ha	ह	28603.5	0.6936
th	थ	28270.3	0.6148
v	व	27374.1	0.9678
le	ले	27208.8	0.9941
y	य	26955.5	0.3658
t	त्	25903.4	0.1420
pa	प	25576.6	0.8180
ru	रू	25479.8	0.9064
at	त	23758.5	0.6342
na	न	23263.5	0.5537
it	ित	21223.8	0.9221
la	ला	21151.7	0.8575
ba	बा	20356.7	0.5738
p	प्	20103.8	0.1961
d	द्	20059.3	0.1695
m	म्	19617.6	0.1400
b	भ	19160.4	0.2079
a	अ	19063.8	0.0258
l	ल्	18463.0	0.1288
ah	ह	18327.2	0.6807
an	न्	18291.6	0.2843
ak	क	18162.3	0.6812
ar	र्	18030.0	0.2793
ti	ति	17922.1	0.7190
al	ाल	17776.9	0.5959
c	च	17677.2	0.4152
ra	रा	17048.6	0.2464
ga	ग	16870.2	0.7946
r	्र	16857.6	0.0695
ta	ता	16546.2	0.3421
d	ड	16085.0	0.1359
am	म्	15664.9	0.5618
ne	ने	15618.8	0.9351
ya	य	15424.6	0.5037
wa	वा	15423.7	0.6167
f	फ	15299.4	0.7706
ri	री	15163.3	0.5183
ar	ार	15119.2	0.2342
ng	ँग	14802.4	0.3955
na	ना	14502.5	0.3452
ch	छ	14426.9	0.2746
hh	छ	14377.6	0.9265
ba	ब	14094.7	0.3973
an	न	14083.1	0.2189
au	ौ	13939.1	0.5119
a	या	13692.8	0.0186
u	उ	13330.0	0.1250
ng	ङ	13082.6	0.3495
ra	र	13005.1	0.1880
ay	ाय	12992.6	0.7248
an	ण	12923.4	0.2009
ni	नि	12856.9	0.6251
u	ू	12795.8	0.1200
hi	ि	12418.6	0.7291
da	दा	12200.2	0.4849
nu	नु	12092.5	0.9990
gh	घ	11909.8	0.9954
ir	िर	11886.8	0.8997
sh	्ष	11805.9	0.1841
ta	ट	11703.0	0.2420
au	ाउ	11538.9	0.4238
ik	िक	11537.1	0.8130
ja	ज	11503.3	0.7884
k	क्	11180.0	0.0633
t	्ट	10439.4	0.0572
de	दे	10419.4	0.7989
al	ल	10345.4	0.3468
jh	झ	10175.6	0.9854
as	स्	9935.3	0.3878
in	िन	9790.2	0.5958
re	रे	9776.7	0.8304
wi	वि	9433.9	0.9843
k	ख	9290.6	0.0526
g	ग्	9058.9	0.1396
si	सि	8859.2	0.7460
d	ध	8777.7	0.0742
th	्थ	8603.3	0.1871
ya	्य	8594.0	0.2807
i	इ	8520.2	0.0363
n	ँ	8447.6	0.0397
t	ट्	8446.1	0.0463
th	ठ	8163.3	0.1775
ie	िए	8056.9	0.8380
am	म	8014.0	0.2874
su	सु	7846.8	0.9492
d	्ड	7702.1	0.0651
c		7441.6	0.1748
vi	वि	7384.2	0.9353
ro	रो	7380.4	0.9809
i	ाइ	7293.9	0.0311
n	ङ्	7258.9	0.0341
ni	नी	7150.1	0.3477
ri	रि	7132.7	0.2438
ur	ुर	7112.8	0.8293
ad	ाद	7092.4	0.3543
ma	म	7051.6	0.0961
t	थ	6897.3	0.0378
ng	ंग	6866.6	0.1835
ta	्त	6808.4	0.1408
n	ण	6683.6	0.0314
wa	व	6598.0	0.2638
c	छ	6594.4	0.1549
c	क्	6571.9	0.1543
t	्त	6564.4	0.0360
ta	ाट	6529.4	0.1350
er	र	6441.4	0.6313
il	ील	6419.3	0.7211
ri	ृ	6400.8	0.2188
ak	क्	6369.0	0.2389
ah	ाह	6355.5	0.2360
as	स	6333.1	0.2472
sh	श्	6327.2	0.0987
bi	बि	6299.3	0.6173
li	लि	6244.5	0.5397
sh	ष	6212.5	0.0969
as	ास	6211.1	0.2425
a	आ	6096.3	0.0083
iy	िय	6075.4	0.9210
ya	या	6003.7	0.1961
mu	मु	5996.4	0.9505
n	ं	5956.0	0.0280
da	द	5924.9	0.2355
ae	ाए	5771.3	0.6579
ku	कु	5758.9	0.9371
ha		5720.5	0.1387
mi	मि	5599.1	0.7184
pa	पा	5506.8	0.1761
he	हे	5435.4	0.8248
aa	ा	5347.9	0.6422
li	ली	5310.3	0.4589
ap	ाप	5305.8	0.5000
b	ब्	5177.9	0.0562
ki	की	5166.4	0.5268
pu	पु	5114.8	0.5484
hu	हु	5083.7	0.7566
yo	यो	5082.1	1.0000
at	ाट	4965.1	0.1325
un	उँ	4959.3	0.4177
me	मे	4847.5	0.9345
dh	ढ	4711.1	0.1070
ag	ग	4688.8	0.5156
aj	ाज	4542.0	0.6366
ke	के	4517.1	0.8986
e		4476.2	0.0324
ta	त	4475.9	0.0925
di	दि	4442.4	0.3538
hy	्य	4421.8	0.9848
an	अन	4397.5	0.0683
ul	ूल	4348.0	0.6507
el	ेल	4313.2	0.8175
nd	ँद	4286.8	0.6521
pu	पू	4179.4	0.4481
aw	व	4168.2	0.4418
se	से	4126.4	0.8530
va	वा	4112.5	0.5018
ol	ोल	4111.6	0.8801
du	दु	4104.3	0.7601
ek	एक	4097.3	0.4077
an	ान	4041.5	0.0628
bu	बु	4026.2	0.8934
w	्व	3955.4	0.0672
lo	लो	3936.7	0.9526
ga	गा	3916.7	0.1845
d	्द	3876.5	0.0328
lg	लग	3684.7	1.0000
ek	ेक	3586.1	0.3568
ay	य	3584.8	0.2000
ap	प	3581.3	0.3375
ot	ोट	3547.0	0.9158
hi	हि	3545.1	0.2081
dh	्ध	3511.6	0.0797
ji	जी	3507.3	0.6388
te	टे	3505.5	0.4724
yu	यु	3461.9	0.9630
rk	रक	3448.2	0.9911
ai	ाइ	3401.3	0.0335
et	ेत	3374.7	0.5336
ee	ी	3355.1	0.6732
be	बे	3352.2	0.9068
gu	गु	3349.9	0.9362
di	डि	3284.7	0.2616
am	ाम	3284.5	0.1178
nk	ंक	3274.9	0.5304
im	िम	3270.6	0.5678
aw	ाव	3262.6	0.3458
en	ेन	3244.2	0.6680
ud	ुद	3196.7	0.6352
la	ल	3168.8	0.1285
uk	ुक	3163.2	0.6846
ki	कि	3108.9	0.3170
ih	ीह	3079.8	0.5679
ha	हा	3049.9	0.0740
da	डा	3031.8	0.1205
es	ेश	3026.9	0.4888
an	ाँ	3014.2	0.0468
pi	पि	3006.4	0.7468
t	्थ	2970.7	0.0163
ja	जा	2970.2	0.2036
wa	्व	2948.7	0.1179
fa	फ	2947.3	0.5441
sh	ष्	2943.2	0.0459
ht	्ट	2930.2	0.7234
s	श	2914.4	0.0181
mo	मो	2907.8	0.9856
va	व	2907.5	0.3548
sa	सा	2881.2	0.0515
co	क	2878.4	0.5901
ag	ाग	2832.2	0.3115
b	व	2829.5	0.0307
id	िद	2828.9	0.4061
is	िस	2805.9	0.2927
d	ड्	2805.2	0.0237
di	दी	2799.0	0.2229
ok	ोक	2763.8	0.8681
ae	ए	2760.7	0.3147
to	टो	2756.3	0.4506
nc	न्	2742.1	0.6432
up	उप	2741.8	0.5453
si	सी	2736.3	0.2304
lu	लु	2724.5	0.9580
so	सो	2718.3	0.9086
f	फ्	2709.8	0.1365
ey	े	2688.6	0.7087
er	र्	2685.3	0.2632
i	ै	2679.8	0.0114
nl	नल	2655.6	0.7980
a	ए	2617.5	0.0035
ru	रु	2615.1	0.0930
no	नो	2611.4	0.9965
ac	छ	2600.8	0.4394
e	ए	2598.9	0.0188
ik	ीक	2595.5	0.1829
g	घ	2586.4	0.0399
j	झ	2582.0	0.0552
ad	अध	2571.0	0.1284
bo	बो	2546.9	0.9514
is	िष	2543.3	0.2653
et	ेट	2505.1	0.3961
po	पो	2501.9	0.9052
go	गो	2490.5	0.9646
tk	तक	2480.2	0.8267
aa	आ	2475.6	0.2973
n	ण्	2464.3	0.0116
ab	ब	2437.7	0.2559
n	ञ्	2433.3	0.0114
ho	हो	2394.6	0.7297
na	्ण	2381.6	0.0567
on	न	2372.7	0.6938
ju	जु	2369.9	0.9381
ti	टि	2367.7	0.0950
ek	ेख	2346.9	0.2335
rl	रल	2333.4	0.9936
un	ौं	2325.2	0.1958
im	ीम	2294.4	0.3983
aj	ज	2259.8	0.3167
bi	बी	2257.7	0.2213
ab	ाब	2240.6	0.2352
ns	ंस	2236.1	0.4424
ut	ुट	2233.6	0.4903
us	ुस	2220.7	0.5267
ib	ीब	2195.8	0.5518
mi	मी	2180.7	0.2798
an	ञ्	2174.8	0.0338
or	ोर	2137.4	0.4919
ph	फ	2113.8	0.9042
ca	का	2110.0	0.7808
hn	्न	2098.6	0.6807
at	त्	2093.3	0.0559
nm	नम	2071.5	0.8785
to	तो	2044.9	0.3343
il	िल	2040.5	0.2292
ti	ती	2038.4	0.0818
tu	तु	2009.3	0.4894
oo	ो	2006.8	0.4589
um	ुम	1997.6	0.5786
at	ाथ	1986.5	0.0530
ab	अभ	1982.4	0.2081
av	व	1971.8	0.5878
iw	िव	1933.8	0.7126
ul	ुल	1927.0	0.2884
t	ठ	1921.3	0.0105
pe	पे	1909.2	0.8210
ji	जि	1907.9	0.3475
gy	ज्	1907.2	0.8335
ih	िह	1906.6	0.3516
c	सी	1902.3	0.0447
ad	ध	1901.4	0.0950
uw	ुव	1898.6	0.9985
un	उन	1890.7	0.1592
ic	िक	1875.5	0.4566
ye	ए	1859.5	0.6400
te	ट	1858.3	0.2504
ah	ः	1853.7	0.0688
is	ष	1841.7	0.1921
i	ई	1840.7	0.0078
up	ुप	1836.6	0.3653
ka	क	1824.0	0.0304
rm	रम	1790.0	0.9917
kr	कृ	1788.3	0.9996
ip	िप	1781.1	0.5191
fa	्फ	1767.7	0.3263
od	ोड	1765.5	0.6289
og	ोग	1745.8	0.9391
in	इन	1745.8	0.1062
ad	द	1744.7	0.0872
ng	ङ्	1734.8	0.0463
rb	रब	1719.1	0.9419
o	ओ	1672.9	0.0139
x	्स	1662.1	0.6341
lk	लक	1650.5	0.9884
z	ज	1641.5	0.8471
we	वे	1611.7	0.8651
hw	्व	1606.7	0.9996
do	डो	1597.9	0.5292
ij	िज	1592.9	0.7640
ip	ीप	1581.2	0.4609
rs	रस	1575.6	0.9043
an	ँ	1575.1	0.0245
co	को	1569.4	0.3218
gi	गी	1568.9	0.4297
je	जे	1567.1	0.9882
id	इद	1553.2	0.2230
rh	रह	1550.7	0.9831
ub	ुभ	1546.5	0.6937
jo	जो	1541.5	0.9874
nb	नब	1534.5	0.7734
oj	ोज	1533.9	0.9686
u	यु	1532.2	0.0144
ki	खि	1529.1	0.1559
da	्ध	1514.7	0.0602
an	ं	1505.8	0.0234
ll	ल	1503.0	0.8786
ma	्म	1500.3	0.0204
ci	सि	1485.8	0.9002
fi	फि	1484.9	0.9245
aw	अव	1472.9	0.1561
hr	्र	1462.9	0.9676
bi	वि	1457.9	0.1429
sl	सल	1452.3	0.9908
a	ञा	1449.8	0.0020
sk	सक	1439.3	0.9868
hu	ु	1437.8	0.2140
eh	ेह	1420.3	0.9110
op	ोप	1408.5	0.8407
ed	ेद	1388.7	0.4630
rc	र्	1385.7	0.9891
ac		1385.0	0.2340
tu	टु	1382.0	0.3366
oh	ोह	1373.3	0.8536
nd	ँड	1353.9	0.2060
d	ढ	1353.0	0.0114
nh	ंह	1351.0	0.6036
oi	ोइ	1349.4	0.8026
j	ज्	1339.7	0.0287
ty	टी	1335.7	0.9720
ss	स	1332.3	0.7760
ep	ेप	1319.1	0.6666
uh	ुह	1304.8	0.6415
m	मा	1298.8	0.0093
in	ैं	1294.8	0.0788
ee	ि	1273.6	0.2556
gi	गि	1272.9	0.3486
hc	्च	1263.9	0.5179
fu	फु	1248.2	0.8404
ad	ढ	1246.1	0.0622
rp	रप	1243.5	0.9881
sm	सम	1238.6	0.9106
ud	उद	1238.0	0.2460
ti	थि	1229.0	0.0493
es	ेष	1222.5	0.1974
nk	नक	1216.2	0.1970
oo	ु	1214.3	0.2777
ns	ंश	1212.6	0.2399
ia	िय	1211.2	0.4942
di	डी	1193.2	0.0950
ao	ाओ	1182.9	0.8593
ie	इए	1181.8	0.1229
os	ोष	1176.1	0.4733
ta	टा	1173.9	0.0243
s	्स	1165.6	0.0072
ap	अप	1164.9	0.1098
s	एस	1164.5	0.0072
iv	िव	1153.2	0.7984
ce	से	1148.1	0.3752
re	रि	1145.6	0.0973
al	ल्	1143.3	0.0383
om	ोम	1134.5	0.7158
h	ह्	1133.3	0.0101
va	्व	1131.3	0.1381
lm	लम	1111.4	1.0000
em	ेम	1111.1	0.5308
ha	ा	1106.2	0.0268
ak	ाक	1102.4	0.0413
do	दो	1102.1	0.3650
ks	क्	1100.5	0.9935
as	ाष	1086.7	0.0424
de	डे	1083.0	0.0830
ht	्ठ	1073.1	0.2649
ha	्ध	1067.7	0.0259
tt	ट	1056.6	0.9741
at	ात	1056.0	0.0282
ou	ाउ	1049.7	0.5424
i		1049.0	0.0045
ls	लस	1041.2	0.9930
ui	ुइ	1035.6	0.5473
or	र्	1024.3	0.2357
ir	इर	1024.2	0.0775
ig	िज	1023.6	0.4899
p	पी	1021.2	0.0100
s	ष	1020.2	0.0063
iu	िउ	1007.7	0.7317
f	्फ	1001.3	0.0504
c	क	999.1	0.0235
kl	कल	998.9	1.0000
hh		993.0	0.0640
lb	लब	992.6	0.9529
um	ूम	992.5	0.2875
ne	न	984.0	0.0589
ev	ेव	983.1	0.7952
id	द्	981.6	0.1409
fe	फे	979.5	0.8304
hn	्ण	979.0	0.3176
oo	ू	977.7	0.2236
ad	ध्	976.8	0.0488
u		971.3	0.0091
ti	टी	959.8	0.0385
nc	ँच	957.1	0.2245
ic	ीच	956.6	0.2329
ur	ूर	956.0	0.1115
at	ट	950.9	0.0254
pi	पी	946.5	0.2351
as	अस	946.2	0.0369
tm	टम	943.2	0.8275
in	िँ	943.0	0.0574
ug	ुग	914.6	0.8740
np	नप	906.1	0.6300
ej	ेज	901.6	0.9084
ic	िच	897.4	0.2185
eb	ेब	893.1	0.6368
ed	ेड	883.1	0.2944
it	त	874.6	0.0380
na	्न	873.9	0.0208
os	ोस	866.5	0.3487
wr	वृ	863.1	1.0000
ce	्स	863.0	0.2820
ar	हर	862.7	0.0134
ry	री	860.2	0.8637
m	एम	856.2	0.0061
dl	डल	855.6	0.8142
mk	मक	853.6	0.8670
at		850.4	0.0227
dk	डक	847.4	0.8484
ew	ेव	842.3	0.7443
id	िध	838.2	0.1203
ns	ँस	827.4	0.1637
y	ाइ	825.7	0.0112
ad	ड	821.9	0.0411
af	आफ	819.6	0.5055
eu	ेउ	809.2	0.5186
au	औ	792.7	0.0291
n	एन	791.1	0.0037
av	ाव	791.1	0.2358
ho	ो	790.8	0.2410
ay	आय	788.2	0.0440
ck	क	787.2	0.8475
o	यो	786.4	0.0065
tl	तल	786.0	0.4938
tl	टल	784.1	0.4926
i	आई	779.6	0.0033
od	ोध	775.7	0.2763
w	वा	775.3	0.0132
ab	भ	765.5	0.0804
n	्न	764.7	0.0036
ec	ेछ	761.6	0.4273
gi	जि	755.9	0.2070
i	ाई	749.6	0.0032
an	ङ्	745.2	0.0116
kk	कक	738.3	0.9279
uk	ुख	735.7	0.1592
b	बा	733.3	0.0080
i	आइ	728.1	0.0031
m	्म	727.7	0.0052
to	ट	727.6	0.1189
ii	िइ	725.8	0.8627
ob	ोभ	725.3	0.5454
nk	ंख	721.6	0.1169
ac	च	719.5	0.1216
d	डी	718.6	0.0061
ve	वे	715.9	0.4825
d	्ध	712.0	0.0060
ha	ध	711.4	0.0173
f	एफ	710.7	0.0358
ml	मल	710.1	0.9792
hc	्छ	709.6	0.2907
ut	उत	706.2	0.1550
fo	फो	704.7	0.8976
in	िं	691.7	0.0421
h	हा	691.3	0.0062
uk	ूक	690.7	0.1495
te	ेट	690.2	0.0930
iw	ीव	690.0	0.2543
ey	ै	689.3	0.1817
un	ौँ	687.6	0.0579
un	ुन	682.6	0.0575
it	त्	682.3	0.0296
b	बी	681.4	0.0074
kh	ख्	673.8	0.0171
te	्ट	671.9	0.0905
nw	ंव	669.3	0.7170
e	इ	668.9	0.0048
ge	गे	657.4	0.2639
es	्स	656.6	0.1060
ai	आइ	651.8	0.0064
is	ीस	650.1	0.0678
tb	टब	648.7	0.8045
r	आर	647.3	0.0027
io	ेश	644.9	0.2143
us	स	641.3	0.1521
ce	स	640.4	0.2093
uj	ुझ	638.6	0.4700
yi	यी	638.5	0.6688
er	ेर	637.0	0.0624
x	क्	635.9	0.2426
ad	ाध	634.1	0.0317
de	डि	633.3	0.0486
ad	ड्	631.5	0.0315
is	इस	629.3	0.0656
q	क्	628.7	0.9758
kt	कत	628.3	0.9975
dm	डम	624.0	0.8863
hd	्द	623.7	0.9756
is	िश	618.4	0.0645
lp	लप	616.8	0.9763
rw	रव	613.5	0.9782
o		607.6	0.0050
t	टी	604.7	0.0033
fa	फा	602.9	0.1113
io	ेस	602.5	0.2002
ou	ौ	602.3	0.3112
km	कम	600.9	0.9757
de	ड	599.2	0.0459
rd	रद	599.2	0.8854
ge	जे	598.2	0.2401
ns	नस	596.5	0.1180
us	ुष	595.0	0.1411
gk	गक	594.8	0.9696
nh	नह	588.5	0.2629
ui	ुई	585.6	0.3095
eg	ेग	583.7	0.6294
uv	ुव	583.3	1.0000
ak	ाख	577.5	0.0217
nr	ंर	576.0	0.7873
ua	ुआ	573.0	0.4106
ei	ेइ	572.0	0.5371
ts	टस	570.1	0.8408
lc	ल्	565.6	0.9421
ct	क्	563.1	0.9135
nj	ँज	560.4	0.4283
s	श्	558.3	0.0035
es	ेस	553.3	0.0894
ar	अर	549.7	0.0085
da	ड	548.5	0.0218
ig	िग	545.3	0.2610
ye	ये	544.9	0.1876
ut	उठ	541.2	0.1188
ib	िब	540.8	0.1359
y	्ञ	540.5	0.0073
dd	द्	539.8	0.5056
ol	ओल	537.5	0.1150
ds	डस	537.0	0.8759
e	ेक	536.7	0.0039
ai	ऐ	535.9	0.0053
or	र	534.9	0.1231
ut	ूत	531.9	0.1167
ep	एप	530.3	0.2680
du	डु	528.8	0.0979
lh	लह	525.4	0.9962
u	यू	522.5	0.0049
e	एक	518.7	0.0037
pm	पम	518.1	1.0000
tk	टक	518.0	0.1726
em	एम	516.9	0.2470
da	्द	512.0	0.0203
da	धा	511.2	0.0203
hv	्व	509.3	0.9935
ve	भ	508.7	0.3428
ec	े	506.7	0.2843
ny	ंय	504.0	0.5348
ng	ाङ	503.1	0.0134
ni	णी	501.2	0.0244
ab	ब्	501.0	0.0526
ac	या	496.0	0.0838
sb	सब	495.4	0.9866
hk	क	493.2	0.5217
en	ें	492.4	0.1014
he	षे	492.3	0.0747
mr	मृ	490.5	1.0000
if	िफ	489.1	0.9181
ad	आद	488.8	0.0244
re	यर	486.9	0.0414
nk	ँक	484.8	0.0785
a	ाँ	481.6	0.0007
kc	क्	480.5	0.9960
di	धी	477.2	0.0380
h	ः	476.8	0.0043
mm	म	475.6	0.6322
za	जा	474.6	0.9834
dr	दृ	472.2	0.9451
na	ण	472.1	0.0112
ag	अघ	471.5	0.0519
ya	्ञ	470.7	0.0154
du	दू	468.1	0.0867
oc	ोच	467.4	0.5916
ay	े	464.5	0.0259
uj	ुज	457.0	0.3364
iy	ीय	456.8	0.0692
se	ज	456.1	0.0943
in	ीन	454.5	0.0277
nd	ंद	444.3	0.0676
db	डब	443.1	0.8209
ri	ऋ	441.9	0.0151
uc	उच	441.2	0.3276
av	अव	440.9	0.1315
nn	न	440.9	0.7842
g	जी	439.8	0.0068
ad	आध	437.9	0.0219
at	ेट	437.0	0.0117
l	एल	435.4	0.0030
as	आश	434.6	0.0170
in	इँ	433.5	0.0264
ge	ज	432.2	0.1735
kb	कब	429.9	0.8912
ba	बै	429.2	0.0121
he	े	428.3	0.0650
t		426.6	0.0023
dh	ध्	424.4	0.0096
u	उँ	421.1	0.0039
id	िड	421.0	0.0604
ib	िभ	420.6	0.1057
ms	मस	417.0	0.6395
el	ल	416.8	0.0790
nt	ँट	416.4	0.3259
l	्ल	415.0	0.0029
na	णा	414.4	0.0099
ge	ेज	410.8	0.1649
au	आउ	410.7	0.0151
un	ुण	409.2	0.0345
st	स्	408.6	0.7110
ar	आर	408.2	0.0063
hc	्	405.8	0.1663
ke	खे	404.5	0.0805
al	अल	403.9	0.0135
am	आम	403.9	0.0145
on	ोन	402.4	0.1177
en	ेँ	400.8	0.0825
jk	जक	399.4	0.9948
v	्व	397.3	0.0140
ua	ुअ	395.5	0.2834
ag	अग	395.1	0.0435
aw	आव	394.7	0.0418
dd	द	394.5	0.3696
nj	ँझ	394.1	0.3012
y	या	393.0	0.0053
pk	पक	392.5	0.9950
ue	ुए	391.9	0.6309
ny	नी	391.9	0.4158
an	ण्	391.0	0.0061
io		390.6	0.1298
nk	णक	389.4	0.0631
vi	वी	387.6	0.0491
ku	खु	386.4	0.0629
wu	वु	381.0	1.0000
ta	था	380.8	0.0079
ca	के	377.6	0.1397
hk	्क	376.6	0.3984
k	ख्	373.1	0.0021
ap	प्	371.8	0.0350
h	च	369.9	0.0033
tw	टव	369.6	0.9627
rr	र	368.8	0.8995
ad	द्	365.5	0.0183
cy	सी	365.5	0.7665
ur	र्	364.3	0.0425
ta	टे	361.8	0.0075
ul	ल्	361.8	0.0541
io	श	359.4	0.1194
to	ेट	357.8	0.0585
ga	घ	357.1	0.0168
da	्ड	353.0	0.0140
am	अम	352.4	0.0126
ua	वा	352.3	0.2525
iu	िय	349.3	0.2536
da	ध	349.0	0.0139
uh	ूह	345.9	0.1701
tn	टन	343.0	0.9557
ky	की	340.8	0.9189
lw	लव	340.6	1.0000
js	जस	340.5	1.0000
cu	क	336.1	0.6489
h	ष	335.3	0.0030
gy	जी	333.3	0.1457
in	ैँ	333.3	0.0203
gl	गल	332.6	0.9974
i	िय	332.2	0.0014
tr	तृ	326.1	0.7340
es	ज	325.5	0.0526
af	अफ	323.5	0.1995
br	बृ	323.4	0.7624
ij	इज	322.3	0.1546
ig	ाइ	321.7	0.1539
te	ते	320.2	0.0431
hl	ल	320.2	0.6394
ab	अब	320.1	0.0336
ng	ंघ	319.6	0.0085
ib	िव	319.1	0.0802
i	ाय	318.1	0.0014
ra	रे	317.7	0.0046
en	एन	317.5	0.0654
ob	ोब	316.4	0.2379
c	सा	315.3	0.0074
s	ष्	313.5	0.0019
bl	बल	312.8	0.8603
jl	जल	312.1	1.0000
up	ूप	310.1	0.0617
oy	ोय	309.1	0.8652
c	या	308.9	0.0073
at	आत	306.3	0.0082
ib	ीभ	305.4	0.0767
nj	ंज	304.0	0.2323
yi	यि	300.5	0.3147
ha	ष	300.4	0.0073
or	टर	299.7	0.0690
vr	वृ	299.4	0.9967
np	णप	298.6	0.2076
ea	िय	297.7	0.2385
et	िट	296.9	0.0469
pl	पल	294.0	0.9016
mu	मू	294.0	0.0466
at	ट्	293.5	0.0078
ia	िआ	293.0	0.1196
lt	लत	292.9	0.9283
d	ँद	292.1	0.0025
af	ाफ	291.6	0.1799
un	अन	289.3	0.0244
oe	ोए	287.7	0.7179
ud	उड	284.4	0.0565
hi	धि	283.8	0.0167
xa	छ	282.8	0.5084
in	ेन	281.9	0.0172
la	ले	281.3	0.0114
ch	्छ	280.0	0.0053
nc	ंच	279.5	0.0656
nm	णम	277.4	0.1176
kp	कप	277.3	1.0000
a	े	276.1	0.0004
k	का	276.0	0.0016
os	ओस	275.7	0.1110
ab	ाभ	275.1	0.0289
a	त्	273.5	0.0004
e	ि	273.4	0.0020
th	थ्	271.6	0.0059
s	्ष	271.3	0.0017
nl	ँल	271.1	0.0815
nd	ँध	268.4	0.0408
il	ेल	266.9	0.0300
di	धि	265.8	0.0212
ia	ीअ	265.7	0.1084
io	िय	263.5	0.0876
ad	ाड	261.5	0.0131
a	ञ	260.9	0.0004
or	ओर	260.5	0.0599
ld	लद	260.0	0.7646
sp	सप	259.2	0.9585
ad	ढ्	258.1	0.0129
ea	ी	257.5	0.2063
pe	प	257.1	0.1105
k	्क	256.2	0.0015
hi	ी	256.1	0.0150
nv	ंव	255.6	0.7355
mh	मह	254.7	0.9173
hi	ही	252.6	0.0148
us	स्	248.7	0.0590
k	के	248.4	0.0014
ai	एय	247.6	0.0024
uy	ुय	247.5	0.9626
hs	ःस	247.3	0.6295
an	अं	245.7	0.0038
su	सू	244.3	0.0296
oa	ोआ	243.8	0.5314
at	अत	242.2	0.0065
io	स	240.3	0.0798
ly	ली	240.2	0.4719
uc	ूच	238.8	0.1773
ha	छ	238.6	0.0058
om	ओम	238.0	0.1502
ut	ुत	237.7	0.0522
ax	्ष	237.6	0.8674
dw	डव	237.0	0.9794
uj	उज	236.3	0.1739
w	व्	235.3	0.0040
ia	िअ	234.6	0.0957
np	ँप	233.6	0.1624
h	छ	233.3	0.0021
ak	आक	233.0	0.0087
xa	्छ	233.0	0.4189
ge	्ज	232.2	0.0932
ab	अव	231.4	0.0243
kd	कद	231.3	0.9882
iv	िभ	230.5	0.1596
rv	रव	229.0	1.0000
th	था	227.8	0.0050
tp	तप	227.5	0.5168
p	्प	225.2	0.0022
by	व्	225.0	0.7623
so	स	224.8	0.0751
nb	नभ	223.6	0.1127
ey	ी	223.2	0.0588
io	िओ	223.1	0.0741
l	ला	222.7	0.0016
zi	जि	222.3	0.9404
bu	भू	222.0	0.0493
gm	गम	220.9	0.9926
ba	वा	220.7	0.0062
ea	ि	220.5	0.1766
nl	णल	219.0	0.0658
ae	आए	218.8	0.0249
re	र	217.9	0.0185
gu	घु	217.9	0.0609
ag	आग	217.2	0.0239
wo	व	217.1	0.3010
ad	एड	216.6	0.0108
eu	यु	216.0	0.1384
ed	्ड	215.1	0.0717
ir	ीर	214.3	0.0162
ag	ग्	212.8	0.0234
yd	इड	212.7	0.8953
em	म	211.8	0.1012
ov	ोभ	211.1	0.4424
my	मी	208.8	0.9179
an	ाण	207.4	0.0032
h	एच	207.2	0.0019
ie	िय	205.9	0.0214
u	ऊ	205.9	0.0019
h	्य	205.7	0.0018
ud	ौड	204.8	0.0407
ab	व	204.7	0.0215
yl	ील	199.9	0.6105
tp	टप	199.3	0.4528
ch	च्	199.2	0.0038
ms	ंस	198.5	0.3044
y		197.7	0.0027
el	इल	196.1	0.0372
eu	ेऊ	196.0	0.1256
g	ज	195.7	0.0030
s	ज्	195.1	0.0012
jm	जम	194.8	1.0000
ub	ुब	194.6	0.0873
um	म्	194.5	0.0563
ia	ाय	194.1	0.0792
be	ब	193.8	0.0524
dl	दल	193.7	0.1843
t	थ्	192.9	0.0011
ca	क	191.8	0.0710
an	आँ	190.8	0.0030
ch	चा	190.2	0.0036
nc	ञ्	189.9	0.0445
us	औष	188.3	0.0447
sc	स्	187.8	0.6031
yc	इक	186.9	0.8864
md	मद	186.3	0.9589
nt	ँथ	185.2	0.1449
ed	एड	184.5	0.0615
kw	कव	184.2	1.0000
bu	ब	183.9	0.0408
af	फ	183.5	0.1132
oi	ोई	183.1	0.1089
ye	ई	182.9	0.0630
tm	तम	182.9	0.1604
nl	ंल	182.0	0.0547
dh	धा	180.9	0.0041
aa	ाँ	180.9	0.0217
ze	ज	180.3	0.7119
ns	णस	180.2	0.0357
eu	यू	177.6	0.1138
a	्ध	175.7	0.0002
tu	च	175.4	0.0427
co	का	175.4	0.0360
uc	ुच	175.3	0.1302
iz	िज	174.8	0.6808
eo	यो	174.3	0.5222
w	ब	173.9	0.0030
ce	ेस	173.8	0.0568
n	ान	173.7	0.0008
nb	णब	172.8	0.0871
d	ँड	172.6	0.0015
io	यो	172.5	0.0573
wo	्व	172.3	0.2390
cu	कु	171.1	0.3303
jg	जग	171.1	1.0000
d	डि	170.7	0.0014
j	्ज	170.6	0.0036
a	ह	170.4	0.0002
ab	ाव	170.2	0.0179
as	श	169.7	0.0066
j	जे	169.5	0.0036
il	इल	169.5	0.0190
fu	फू	169.0	0.1138
co	कम	168.5	0.0346
sh	शे	168.4	0.0026
fe	फ	167.9	0.1423
ly	लि	167.2	0.3283
oh	ोः	166.9	0.1038
uh	उह	166.6	0.0819
ac	एक	165.9	0.0280
r	ार	164.9	0.0007
si	ज	164.4	0.0138
ps	पस	163.2	0.9609
im	इम	163.1	0.0283
bm	बम	162.7	0.9110
th	्ठ	161.3	0.0035
ss		160.5	0.0935
gb	गब	159.3	0.9405
h	्	159.2	0.0014
hl	्ल	159.1	0.3178
lr	लर	158.0	0.9138
ij	ीज	157.7	0.0756
ab	यव	157.1	0.0165
y	ाय	156.6	0.0021
yk	ीक	156.4	0.6436
n	ेन	156.0	0.0007
de	ेड	155.2	0.0119
ec	ेक	155.0	0.0870
el	ल्	154.9	0.0294
su	स	154.3	0.0187
lv	लव	153.9	1.0000
ve	भे	153.5	0.1034
do	ड	153.1	0.0507
x	्ष	152.9	0.0583
jd	जद	152.8	0.8365
sy	सि	152.6	0.5786
ff	फ	152.2	0.7691
er	यर	151.9	0.0149
hu	छु	151.4	0.0225
r	रा	150.9	0.0006
on	सन	150.9	0.0441
dy	डी	150.9	0.5759
dk	दक	149.5	0.1497
as	अष	149.5	0.0058
eg	ग	148.9	0.1606
tf	टफ	148.7	1.0000
h	ध	148.0	0.0013
m	मे	146.5	0.0010
fk	फक	146.3	1.0000
we	भ	146.0	0.0783
xi	छि	145.5	0.8664
gr	गृ	145.4	0.7898
oa	ोअ	145.1	0.3163
l	ाल	145.1	0.0010
kh	ःख	144.9	0.0037
y	ी	144.5	0.0020
u	ाउ	144.5	0.0014
jn	जन	143.6	0.8660
i	िइ	143.5	0.0006
at	थ	143.2	0.0038
ef	एफ	143.0	0.3837
z	्ज	142.5	0.0735
du	ढु	142.4	0.0264
lj	लज	142.1	0.9676
wo	वो	142.1	0.1970
nw	नव	141.3	0.1514
ad	ेड	141.0	0.0070
jb	जब	141.0	0.8818
mb	ंभ	140.4	0.2833
vo	वो	140.4	0.4727
e	िय	139.5	0.0010
ok	ोख	139.1	0.0437
ju	झु	139.0	0.0550
eb	ेभ	136.9	0.0976
bk	बक	136.7	0.7443
ti	ेश	136.5	0.0055
ui	वि	136.0	0.0719
v	भ	135.9	0.0048
up	अप	135.8	0.0270
t	टा	135.5	0.0007
rs	्ष	135.3	0.0776
ok	ओक	135.1	0.0424
c	च्	134.7	0.0032
gs	गस	134.4	0.8636
hh	्छ	134.3	0.0087
to	्ट	134.1	0.0219
mm	म्	134.0	0.1780
es	एस	133.7	0.0216
ba	वर	133.4	0.0038
yu	यू	133.0	0.0370
ce	सि	133.0	0.0435
ei	ेई	132.7	0.1246
o	अक	132.3	0.0011
pn	पन	132.1	0.9104
an	ेन	132.0	0.0021
gc	ग्	131.9	1.0000
az	ाज	131.4	0.4748
mb	ंब	131.4	0.2651
ao	ाव	131.0	0.0952
e	षे	130.4	0.0009
rg	रग	130.4	0.5874
el	एल	130.1	0.0247
es	स	129.2	0.0209
a	वा	129.0	0.0002
ok	ओख	129.0	0.0405
py	पी	129.0	0.7071
is	ईश	128.9	0.0134
ih	ीः	128.9	0.0238
jp	जप	127.3	1.0000
nt	न्	127.2	0.0996
y	ाई	127.0	0.0017
au	अ	126.7	0.0047
ah	ाः	126.7	0.0047
u	अ	126.3	0.0012
ba	व	126.0	0.0036
mn	मन	125.7	1.0000
i	िक	125.6	0.0005
ic	इच	125.6	0.0306
i	िँ	125.4	0.0005
au	ाऊ	125.2	0.0046
u	ूँ	124.7	0.0012
ef	िफ	124.6	0.3343
tu	थु	124.4	0.0303
oi	ओइ	124.0	0.0738
da	ढा	124.0	0.0049
uh	ुः	124.0	0.0610
eb	ब	123.6	0.0881
hm	्म	123.5	0.3654
td	टद	123.4	0.5562
p	पा	122.6	0.0012
df	डफ	122.3	1.0000
pr	पृ	122.2	0.3824
po	फो	122.1	0.0442
sj	सज	121.8	1.0000
sm	जम	121.6	0.0894
vk	वक	121.6	1.0000
un	ऊँ	121.3	0.0102
wh	ह्	121.3	0.8729
cc	च्	121.2	0.6394
yt	इट	121.2	0.7569
ov	ोव	121.0	0.2537
tc	च	120.9	0.4313
ob	ओभ	120.9	0.0909
ih	इह	120.7	0.0223
vu	वु	120.5	1.0000
uc	उछ	120.5	0.0894
hm	म	120.3	0.3559
e	ी	120.0	0.0009
e	ई	119.9	0.0009
ey	ने	119.6	0.0315
mp	मप	119.4	0.5053
od	ओड	119.3	0.0425
pp	प	118.8	0.4368
nh	णह	118.6	0.0530
ed	िड	118.3	0.0395
ym	ीम	118.3	0.5034
ob	ओब	118.1	0.0888
z	ज्	117.6	0.0607
h	्ध	117.4	0.0011
bh	भा	117.4	0.0026
ih	ह	117.3	0.0216
ac	ाच	116.9	0.0197
pr	प्	116.8	0.3655
pb	पब	116.5	0.7923
ac	आच	116.5	0.0197
ia	या	116.3	0.0475
cl	क्	114.6	0.7233
ou		114.5	0.0591
an	एन	114.4	0.0018
aa	आँ	113.3	0.0136
t	च्	113.0	0.0006
ch	्च	112.8	0.0021
tb	तब	112.7	0.1397
ib	इब	112.6	0.0283
ic	ैछ	112.2	0.0273
hp	ःप	112.2	0.4988
as	अश	111.4	0.0043
ow	ोव	111.2	0.2356
du	धु	111.0	0.0206
s	ज	110.9	0.0007
bi	भि	110.9	0.0109
ac	ेस	110.8	0.0187
g	जि	110.7	0.0017
rj	रज	110.3	0.7323
jw	जव	110.2	1.0000
ou	आउ	110.0	0.0568
i	े	110.0	0.0005
u	ुँ	110.0	0.0010
dp	डप	109.6	0.5387
uc	क्	108.9	0.0809
mg	मग	108.9	0.9270
is	इज	108.6	0.0113
om	म्	108.5	0.0685
ts	तस	108.0	0.1592
ub	ूब	107.6	0.0483
hi	छि	107.0	0.0063
nt	ंत	107.0	0.0837
ub	ब्	106.9	0.0479
g	गा	106.8	0.0016
nf	ँफ	106.5	0.7839
dd	ड	106.1	0.0994
lo	ल	105.9	0.0256
op	ओप	105.9	0.0632
tu	ट	105.7	0.0257
eb	एभ	105.6	0.0753
do	डा	105.4	0.0349
vi	भि	104.5	0.0132
ev	िभ	104.4	0.0845
mb	मब	104.4	0.2108
um	म	104.2	0.0302
aj	ज्	103.9	0.0146
th	ाथ	103.6	0.0023
c	स	103.5	0.0024
ai	ेय	103.0	0.0010
m	ाम	102.9	0.0007
of	ोफ	102.7	0.4809
ck	क्	102.7	0.1105
ab	ेब	102.6	0.0108
in	िण	102.6	0.0062
uc	उँ	102.2	0.0759
mm	्य	102.2	0.1358
aj	आज	102.1	0.0143
ah	अह	101.3	0.0038
ub	लब	101.3	0.0454
si	जि	100.7	0.0085
ap	आप	100.6	0.0095
ei	ाइ	100.6	0.0944
ad	अद	99.9	0.0050
n		98.8	0.0005
r	रे	98.7	0.0004
ee	िय	98.5	0.0198
ta	ठ	98.4	0.0020
yp	इप	98.2	0.4763
uo	ुओ	97.9	0.7593
b	बि	97.5	0.0011
tv	टव	97.4	0.9660
ec	इक	97.3	0.0546
es	िज	97.2	0.0157
kj	कज	97.0	0.9649
l	लक	96.7	0.0007
us	ूस	96.3	0.0228
yb	ीब	96.2	0.6450
in	इण	96.1	0.0058
ta	ठा	95.7	0.0020
ub	उभ	95.1	0.0427
ed	ड	95.1	0.0317
gg	ग	94.8	0.8421
ke	ेक	94.6	0.0188
mw	ंव	94.5	0.6491
em	िम	94.2	0.0450
ti	ेस	94.2	0.0038
dp	दप	93.8	0.4613
nw	ँव	93.8	0.1005
u	ौ	93.4	0.0009
ri	रृ	93.4	0.0032
hp	्प	93.3	0.4147
wi	वी	93.0	0.0097
id	ीद	93.0	0.0133
pp	प्	92.9	0.3416
p	फ	92.7	0.0009
ow	ओव	92.7	0.1963
ew	यु	92.7	0.0819
ie	ाइ	92.6	0.0096
nn	ँन	92.5	0.1646
tc	ट्	92.5	0.3300
d	ध्	92.3	0.0008
eu	एउ	92.2	0.0591
me	म	91.9	0.0177
bs	बस	91.8	0.9651
ea	ेअ	91.7	0.0735
d	ड़	91.6	0.0008
sr	सृ	91.4	0.8605
fb	फब	91.2	0.9921
ro	्र	91.0	0.0121
ot	ओट	90.8	0.0234
ur	चर	90.2	0.0105
os	ोज	89.9	0.0362
mb	ंव	89.8	0.1813
pt	प्	89.7	0.7995
te	इट	89.6	0.0121
um	यम	89.4	0.0259
rb	रभ	89.4	0.0490
ew	यू	89.1	0.0787
ei	ऐ	89.0	0.0836
sw	सव	88.8	0.9635
uc	उ	88.7	0.0658
te	थे	88.6	0.0119
fi	फा	88.4	0.0551
nd	ड	88.3	0.0134
ja	झ	88.1	0.0060
ag	एज	87.8	0.0097
o	को	87.8	0.0007
ec	िस	87.5	0.0491
c	ँच	87.2	0.0020
on	टन	87.0	0.0254
au	ौँ	86.5	0.0032
jy	ज्	86.5	1.0000
dg	ज	86.2	0.6036
tu	्च	85.8	0.0209
nt	ँठ	85.8	0.0671
er	टर	85.6	0.0084
b	्ब	85.4	0.0009
jh	झ्	85.4	0.0083
lf	लफ	85.2	1.0000
nr	ँर	85.2	0.1165
h	्छ	85.0	0.0008
t	टि	84.9	0.0005
e	ेँ	84.8	0.0006
ys	िस	84.7	0.3374
p	पक	84.4	0.0008
wk	वक	84.1	1.0000
ss	एस	83.4	0.0486
nt	ँत	83.0	0.0649
di	ढी	82.9	0.0066
v	वा	82.8	0.0029
vl	वल	82.6	0.9527
on	ों	82.4	0.0241
o	ोक	81.9	0.0007
ia	िए	81.9	0.0334
sh	शा	81.4	0.0013
ot	ोठ	81.3	0.0210
sg	सग	81.2	0.9310
a	हे	81.1	0.0001
he	ये	81.0	0.0123
od	ओढ	80.9	0.0288
am	ं	80.9	0.0029
tu	चु	80.6	0.0196
xh	छ	80.5	0.9642
nd	ंड	80.3	0.0122
mt	मत	80.3	0.9337
dm	दम	80.1	0.1137
ez	ेज	80.1	0.7342
ka	कह	79.8	0.0013
uh	ूः	79.7	0.0392
ow	ोभ	79.5	0.1684
sy	सी	79.2	0.3000
t	था	78.8	0.0004
c	चा	78.4	0.0018
ha	चा	78.3	0.0019
j	झ्	78.2	0.0017
ib	इभ	78.1	0.0196
id	ीड	77.5	0.0111
u	ौं	77.1	0.0007
sd	सद	76.9	0.6869
g	्ज	76.9	0.0012
ph	्फ	76.4	0.0327
le	लि	76.4	0.0028
ii	िई	76.3	0.0907
i	सि	76.1	0.0003
h	थ	76.1	0.0007
ut	ूट	75.6	0.0166
v	वी	75.3	0.0027
eo	ेओ	75.2	0.2251
ds	दस	75.1	0.1225
lo	्ल	75.1	0.0182
en	न	74.9	0.0154
t	ेट	74.7	0.0004
ow	ाव	74.6	0.1581
wy	व्	74.3	0.9172
ah	हा	74.1	0.0028
av	आव	74.0	0.0221
gd	गद	73.9	0.9198
hb	ब	73.7	0.4272
au	ौं	73.7	0.0027
mk	ंक	73.3	0.0744
at	आठ	73.2	0.0020
l	लि	73.2	0.0005
an	यन	72.9	0.0011
oo	ओ	72.5	0.0166
in	ृं	72.1	0.0044
i	धि	71.9	0.0003
zu	जु	71.1	1.0000
um	उम	70.2	0.0203
sa	सम	70.2	0.0013
un	ूँ	70.2	0.0059
de	्ड	69.7	0.0053
mp	्प	69.6	0.2945
v	व्	69.3	0.0024
br	वृ	68.6	0.1617
oh	ओह	68.5	0.0426
me	ेम	68.5	0.0132
fa	फे	68.4	0.0126
ph	फ्	68.4	0.0293
a	न	68.4	0.0001
at	ठ	68.2	0.0018
ag	ेज	68.1	0.0075
po	पु	67.9	0.0246
is	िज	67.9	0.0071
bo	बक	67.5	0.0252
ea	िए	67.4	0.0540
tu	ठू	67.2	0.0164
ak	कह	67.0	0.0025
t	टे	66.7	0.0004
bh	भए	66.6	0.0015
yp	िप	66.5	0.3228
pa	्प	66.4	0.0021
cr	क्	66.4	0.9887
dc	ड्	66.2	0.5954
tg	तग	66.2	0.4276
en	इं	66.1	0.0136
zo	जो	66.0	1.0000
uf	ुफ	66.0	0.3430
ge	जि	65.5	0.0263
c	्क	65.5	0.0015
iz	इज	65.4	0.2547
th	द	65.4	0.0014
nh	ंः	64.9	0.0290
tj	टज	64.7	0.6216
yr	इर	64.7	0.6042
go	घो	64.7	0.0251
mc	मच	64.7	0.5581
tr	त्	64.6	0.1454
jt	जत	64.6	1.0000
cy	सि	64.4	0.1351
by	बी	64.3	0.2180
i	वा	64.1	0.0003
pd	पद	64.0	0.9612
bj	बज	63.8	1.0000
s		63.7	0.0004
un	ङ्	63.7	0.0054
ig	ीघ	63.5	0.0304
me	मि	63.4	0.0122
rt	र्	63.3	0.3373
ee	ई	63.1	0.0127
h	ा	63.1	0.0006
eh	ह	62.8	0.0403
ys	िज	62.6	0.2495
ue	वे	62.6	0.1007
t	ठ्	62.6	0.0003
rg	्ग	62.5	0.2815
dt	दत	62.1	0.4830
a	क	62.1	0.0001
td	तद	62.1	0.2798
wo	वु	61.6	0.0854
pc	प्	61.5	0.5833
ne	ेन	61.5	0.0037
d	दि	61.4	0.0005
en	एँ	61.4	0.0126
hc	च्	61.4	0.0251
k	ःख	61.2	0.0003
ut	यु	61.2	0.0134
gp	गप	61.1	1.0000
y	ि	60.9	0.0008
h	्च	60.9	0.0005
ci	सी	60.8	0.0368
c	्छ	60.6	0.0014
ji	झि	60.5	0.0110
hs	्स	60.5	0.1539
bi	वी	60.4	0.0059
a	र	60.3	0.0001
nc	ँ	60.1	0.0141
de	दि	60.1	0.0046
uu	ऊ	60.0	0.7987
te	ठे	59.9	0.0081
sf	सफ	59.9	0.8779
yh	ीह	59.8	0.7072
ha	धा	59.5	0.0014
ry	रि	59.4	0.0597
ll	लल	59.3	0.0346
ai	ैँ	59.2	0.0006
nt	ंट	59.0	0.0462
i	य	58.8	0.0003
wo	वर	58.8	0.0815
un	ुँ	58.6	0.0049
ln	ल्	58.5	0.7701
a	ाक	58.3	0.0001
ue	यु	58.2	0.0937
ng	ं	58.1	0.0016
dj	डज	58.1	0.6375
uf	उफ	58.1	0.3019
na	ने	58.0	0.0014
oc	ओछ	57.9	0.0733
fs	फस	57.8	1.0000
hs	ःश	57.4	0.1461
az	ेज	57.4	0.2073
x	छ	57.3	0.0219
id	इड	57.1	0.0082
ec	ने	56.8	0.0319
k	एक	56.7	0.0003
ak	अक	56.7	0.0021
oc	ोस	56.6	0.0717
tg	टग	56.6	0.3658
iv	ीव	56.6	0.0392
hm	मा	56.6	0.1674
gw	गव	56.5	1.0000
se	स	56.5	0.0117
lu	ल	56.4	0.0198
un	ुङ	56.3	0.0047
om	म	56.2	0.0355
n	ाँ	56.2	0.0003
aw	ञव	56.2	0.0060
d	डा	55.7	0.0005
hi	थि	55.3	0.0032
vo	्व	55.3	0.1862
sv	सव	55.1	0.9839
n	ाण	54.9	0.0003
ot	ोत	54.8	0.0142
ee	रि	54.8	0.0110
et	इथ	54.4	0.0086
ic	िस	54.4	0.0132
re		54.2	0.0046
a	ेक	54.2	0.0001
oc		54.0	0.0683
nk	ँख	54.0	0.0087
ni	णि	53.5	0.0026
kv	कव	53.2	1.0000
wl	वल	53.1	0.7711
fu	फ	53.0	0.0357
a	मा	53.0	0.0001
th	ठा	52.9	0.0012
of	अ	52.9	0.2476
ie	ाय	52.9	0.0055
r	रि	52.7	0.0002
we	भे	52.7	0.0283
i	सी	52.6	0.0002
yn	िन	52.5	0.6327
ut	ट	52.5	0.0115
kb	कभ	52.5	0.1088
ih	िः	52.3	0.0096
pw	पव	52.0	1.0000
vp	वप	52.0	1.0000
d	ेड	52.0	0.0004
ei	एइ	51.9	0.0487
ej	एज	51.6	0.0520
ly	ी	51.2	0.1006
us	ुश	51.2	0.0121
mc	म्	51.2	0.4419
mj	मज	51.2	0.6316
dg	डग	51.1	0.3578
mw	मव	51.1	0.3509
t	ता	51.0	0.0003
b	भा	50.7	0.0006
fr	फ्	50.5	1.0000
ip	इप	50.3	0.0147
th	थि	50.3	0.0011
e	या	50.2	0.0004
en	ेण	49.9	0.0103
pi	फि	49.9	0.0124
em	मा	49.7	0.0238
ac	च्	49.6	0.0084
on	न्	49.1	0.0144
lb	लभ	49.1	0.0471
ut	ौत	49.1	0.0108
he	छे	49.0	0.0074
er	एर	48.9	0.0048
ah	ञह	48.8	0.0018
nv	नव	48.8	0.1404
u	नु	48.8	0.0005
yl	िल	48.8	0.1490
op	प	48.8	0.0291
vh	ह्	48.4	0.8870
rn	र्	48.4	0.4300
f	फा	48.1	0.0024
nr	नर	48.0	0.0656
ta	्थ	48.0	0.0010
s	सा	47.7	0.0003
eo	िओ	47.5	0.1422
iw	िभ	47.4	0.0175
as	एश	47.2	0.0018
se	ेस	47.2	0.0097
it	ीत	47.0	0.0020
aj	ाझ	47.0	0.0066
us	ष्	46.9	0.0111
am	षम	46.7	0.0017
ev	इभ	46.7	0.0377
is	ष्	46.6	0.0049
dv	डव	46.5	0.9843
aj	अज	46.4	0.0065
ti		46.3	0.0019
bk	वक	46.1	0.2511
ef	इ	46.1	0.1237
iy	िए	46.0	0.0070
eq	इक	45.9	1.0000
cy	सा	45.9	0.0962
o	ा	45.9	0.0004
kg	कग	45.8	0.8957
ll	ल्	45.8	0.0268
ro	र	45.8	0.0061
sc	स	45.8	0.1470
ak	अख	45.7	0.0017
hb	ःब	45.6	0.2644
og	ओग	45.2	0.0243
ov	ओव	45.2	0.0948
pe	पि	45.2	0.0194
al	एल	45.2	0.0015
on	यन	45.1	0.0132
n	र्	45.1	0.0002
fm	फम	45.0	1.0000
cm	कम	45.0	1.0000
mk	्क	45.0	0.0457
xy	्ष	45.0	1.0000
on	या	45.0	0.0132
un	ं	44.9	0.0038
p	्फ	44.9	0.0004
un	ँउ	44.8	0.0038
sa	सङ	44.7	0.0008
ai	ैं	44.6	0.0004
un	औं	44.6	0.0038
jh	्झ	44.5	0.0043
hi	ली	44.3	0.0026
a	अह	44.1	0.0001
o	ाे	44.0	0.0004
pc	पच	43.9	0.4167
pa	पे	43.8	0.0014
at	षत	43.6	0.0012
xo	छो	43.6	1.0000
u	ऊँ	43.6	0.0004
is	इष	43.6	0.0045
me		43.6	0.0084
vm	वम	43.5	1.0000
vo	व	43.4	0.1462
ov	ओभ	43.4	0.0909
hi	ः	43.2	0.0025
ba	भ	42.9	0.0012
jc	ज्	42.9	1.0000
db	डभ	42.8	0.0794
uz	ुज	42.6	1.0000
e	ने	42.5	0.0003
fl	फल	42.5	0.5141
e	ये	42.5	0.0003
dy	डि	42.3	0.1616
nh	ँह	42.3	0.0189
eg	िज	42.3	0.0456
ye	ाई	42.1	0.0145
zk	जक	42.1	1.0000
as	आस	42.0	0.0016
p	पे	42.0	0.0004
n	अन	41.9	0.0002
ug	उग	41.8	0.0400
pe	ेप	41.7	0.0179
xu	छु	41.7	0.4846
ei	ी	41.6	0.0391
ub	ब	41.6	0.0187
fd	फद	41.5	1.0000
at	रत	41.5	0.0011
a	ेय	41.4	0.0001
ot	ट	41.3	0.0107
v	भा	41.3	0.0015
bb	ब	41.2	0.7904
mv	मव	41.2	0.6648
ep	इप	41.2	0.0208
u	यो	41.1	0.0004
l	ले	41.1	0.0003
ch	ँच	41.1	0.0008
yr	िर	40.8	0.3804
o	ओए	40.7	0.0003
u	्व	40.6	0.0004
hk	ःख	40.6	0.0430
j	जा	40.6	0.0009
og	ोज	40.6	0.0218
ci	स	40.6	0.0246
ha	्च	40.4	0.0010
r		40.4	0.0002
db	दब	40.3	0.0747
rj	्ज	40.3	0.2677
pp	एप	40.2	0.1479
ha	था	40.2	0.0010
ed	ीड	40.1	0.0134
if	इफ	40.0	0.0750
pj	पज	39.9	0.9842
kh	खा	39.9	0.0010
du	ड	39.8	0.0074
oc	ओच	39.7	0.0503
ny	न्	39.7	0.0421
gy	जि	39.5	0.0172
ye	इ	39.4	0.0136
ka	खा	39.2	0.0007
kh	खि	39.2	0.0010
b	भ्	39.0	0.0004
a	्य	38.8	0.0001
us	यस	38.7	0.0092
g	्ग	38.7	0.0006
lu	्ल	38.6	0.0136
ig	ीग	38.6	0.0185
tj	तज	38.6	0.3701
a	ीए	38.5	0.0001
gi	घि	38.5	0.0105
a	द्	38.4	0.0001
ym	िम	38.2	0.1627
it	इट	38.2	0.0017
jv	जव	38.1	1.0000
ai	एअ	38.0	0.0004
u	ऊर	38.0	0.0004
at	एट	37.9	0.0010
do	ढो	37.9	0.0126
ya	ाय	37.7	0.0012
eh	ेः	37.7	0.0242
oe	ोइ	37.6	0.0939
ym	म्	37.6	0.1601
aa	ाअ	37.5	0.0045
uc		37.5	0.0278
se	जे	37.4	0.0077
ha	ाँ	37.4	0.0009
ui	ाइ	37.4	0.0197
ha	च	37.3	0.0009
c	सि	37.2	0.0009
id	द	37.2	0.0053
ea	ेय	37.2	0.0298
l		37.0	0.0003
ed	इड	37.0	0.0123
n	ना	37.0	0.0002
oe	ओए	36.7	0.0917
un	अण	36.7	0.0031
ha	षा	36.7	0.0009
ew	िभ	36.6	0.0323
ye	ाइ	36.6	0.0126
dt	डट	36.5	0.2840
ob	अब	36.5	0.0275
ir	र्	36.5	0.0028
t	्ठ	36.3	0.0002
fo	फ	36.3	0.0462
ow	ाउ	36.1	0.0765
ve	व	36.1	0.0243
op	अप	36.1	0.0215
a	षा	36.0	0.0000
be	वे	35.8	0.0097
bl	ब्	35.8	0.0984
y	सी	35.7	0.0005
ug	उघ	35.6	0.0341
kn	ख्	35.6	0.4480
pa	पह	35.5	0.0011
in	िङ	35.2	0.0021
gj	गज	35.2	0.9271
t	ाट	35.1	0.0002
wi	भि	35.0	0.0037
dh	ढा	35.0	0.0008
ma	मे	35.0	0.0005
py	फी	34.9	0.1912
ch	चे	34.8	0.0007
tu	ठु	34.8	0.0085
ou	य	34.8	0.0180
da	डे	34.7	0.0014
sd	सड	34.5	0.3085
bu	बक	34.5	0.0077
bt	बत	34.4	0.6921
ye	ेय	34.3	0.0118
yk	एक	34.3	0.1410
i	री	34.2	0.0001
ag	गा	34.1	0.0038
ai	आई	34.0	0.0003
eb	िब	34.0	0.0243
uf	फ्	34.0	0.1766
we	बे	33.8	0.0182
ai	े	33.8	0.0003
dh	ढ़	33.8	0.0008
c	्च	33.7	0.0008
ba	भा	33.6	0.0009
hg	्घ	33.6	0.5873
oc	अक	33.5	0.0424
ha	हँ	33.5	0.0008
aa	अा	33.5	0.0040
ap	एप	33.3	0.0031
er	ार	33.3	0.0033
os	स्	33.2	0.0134
yl	इल	33.2	0.1013
oc	ोक	33.0	0.0418
nj	ंझ	33.0	0.0252
oy	ओय	33.0	0.0922
ph	ाफ	32.7	0.0140
n	तन	32.7	0.0002
ag	ज	32.6	0.0036
he	हि	32.5	0.0049
ye	य	32.5	0.0112
ud	ूढ	32.4	0.0064
dn	ढ्	32.4	0.3695
a	ध	32.4	0.0000
e	अर	32.2	0.0002
so	्स	32.2	0.0108
hf	्फ	32.2	0.8074
hr	हृ	32.2	0.0213
ld	लध	32.1	0.0945
it		32.1	0.0014
wn	उन	31.9	1.0000
em	इम	31.9	0.0152
yb	इब	31.8	0.2133
kf	कफ	31.7	1.0000
rd	रध	31.7	0.0468
ta	तह	31.5	0.0007
zb	जब	31.4	1.0000
ad	अड	31.3	0.0016
au	ऊँ	31.3	0.0012
dj	दज	31.3	0.3438
c	कक	31.2	0.0007
u	उद	31.1	0.0003
yk	क	31.1	0.1279
dy	द्	31.1	0.1187
ao	आओ	31.0	0.0225
aa	आए	31.0	0.0037
ys	ेज	30.9	0.1232
er	या	30.9	0.0030
nc	ँछ	30.7	0.0072
pb	पभ	30.5	0.2077
bo	भो	30.5	0.0114
mp	ंप	30.5	0.1291
pe	फे	30.5	0.0131
rt		30.3	0.1616
st	वि	30.3	0.0527
uf		30.3	0.1574
m	ा	30.2	0.0002
oj	ओझ	30.2	0.0191
as	श्	30.2	0.0012
bp	बप	30.1	1.0000
t	ठम	30.0	0.0002
ye	एँ	30.0	0.0103
m	ाड	30.0	0.0002
sc	वि	30.0	0.0964
po	जन	30.0	0.0109
ab	ाफ	30.0	0.0031
ee	ैय	30.0	0.0060
eu	यौ	30.0	0.0192
ev	यू	29.9	0.0242
av	ेभ	29.9	0.0089
y	े	29.9	0.0004
mj	्झ	29.9	0.3684
jd	जध	29.9	0.1635
p	पि	29.9	0.0003
le		29.8	0.0011
hy	ये	29.8	0.0066
tr	त	29.8	0.0672
d	वि	29.8	0.0003
e	द्	29.8	0.0002
ei	ै	29.8	0.0280
ay	एक	29.7	0.0017
d	डे	29.7	0.0003
b	बे	29.7	0.0003
hj	ःज	29.7	0.6665
aa	गा	29.7	0.0036
ya	वय	29.6	0.0010
te	द	29.6	0.0040
eg	इज	29.5	0.0318
st	क	29.5	0.0513
dn	ड्	29.5	0.3366
l	सल	29.4	0.0002
u	अम	29.4	0.0003
kk	क	29.4	0.0369
a	धा	29.4	0.0000
rn	न	29.4	0.2608
nf	नफ	29.4	0.2161
i	वि	29.3	0.0001
hm	ःम	29.3	0.0866
ge	घे	29.2	0.0117
nh	ँः	29.2	0.0130
al	आल	29.1	0.0010
ee	री	29.1	0.0058
sy	ी	29.1	0.1102
nw	णव	29.1	0.0311
t	थी	29.0	0.0002
a	्ष	29.0	0.0000
o	स्	29.0	0.0002
h	म	29.0	0.0003
eb	एव	29.0	0.0206
s	ेर	28.9	0.0002
i	ञी	28.9	0.0001
tc	टक	28.9	0.1031
tg	टघ	28.8	0.1863
aa	का	28.8	0.0035
us	ूष	28.7	0.0068
bg	बग	28.7	0.9692
y	्र	28.6	0.0004
ti	ख्	28.6	0.0011
ya	षण	28.5	0.0009
a	िक	28.5	0.0000
om	्त	28.5	0.0180
oo	कु	28.5	0.0065
co	के	28.5	0.0058
oo	ऊ	28.5	0.0065
zl	जल	28.5	0.9615
v	भ्	28.4	0.0010
aw	यव	28.4	0.0030
gn	ग्	28.3	0.7032
kn	क्	28.3	0.3556
y	यक	28.2	0.0004
dc	डक	28.2	0.2537
ea	ेआ	28.1	0.0225
na	नँ	28.1	0.0007
ht	ट	28.1	0.0069
to	ठो	28.0	0.0046
te	टि	28.0	0.0038
ta	तः	28.0	0.0006
io	ाय	28.0	0.0093
e	्य	28.0	0.0002
vy	व्	27.8	0.7886
a	्न	27.8	0.0000
ik	इक	27.7	0.0020
nv	णव	27.7	0.0797
ee	ीय	27.7	0.0056
i	इँ	27.7	0.0001
ea	्य	27.6	0.0221
x	्ज	27.6	0.0105
ul	अल	27.6	0.0041
as	ष	27.5	0.0011
ew	एव	27.5	0.0243
wm	वम	27.3	1.0000
xe	्स	27.3	0.6225
ta	थ	27.2	0.0006
ic	ै	27.2	0.0066
en	िन	27.1	0.0056
ac	एस	27.0	0.0046
ph	फा	27.0	0.0115
ub	ुव	26.9	0.0121
tc	त्	26.9	0.0958
n	नि	26.8	0.0001
d	धा	26.7	0.0002
az	ज	26.7	0.0966
ci	सा	26.7	0.0162
ti	े	26.6	0.0011
eg	िग	26.4	0.0285
ea	इ	26.4	0.0211
ig	ाई	26.4	0.0126
ym	ेम	26.3	0.1119
k	कक	26.3	0.0001
bd	ब्	26.2	0.8708
vd	वद	26.0	0.8217
op	ोफ	26.0	0.0155
ut	यू	26.0	0.0057
dt	डत	26.0	0.2019
w	वे	26.0	0.0004
ic	ि	25.9	0.0063
ve	ेव	25.9	0.0174
sc	श्	25.9	0.0831
is	इ	25.8	0.0027
s	ाँ	25.8	0.0002
ig	िघ	25.8	0.0123
mm	्म	25.7	0.0342
bn	बन	25.7	0.5862
al	यल	25.6	0.0009
l	नी	25.6	0.0002
od	ुड	25.5	0.0091
in	इं	25.3	0.0015
an	रण	25.3	0.0004
io	एस	25.3	0.0084
au	उँ	25.3	0.0009
az	एज	25.2	0.0912
fl	फ्	25.2	0.3045
rt	रत	25.1	0.1337
ev	ेभ	25.1	0.0203
as	ञस	25.1	0.0010
en	इञ	25.0	0.0051
ue		25.0	0.0402
is	ाइ	24.9	0.0026
an	षण	24.9	0.0004
cl	कल	24.8	0.1566
og	ज	24.8	0.0133
ga	घा	24.8	0.0012
ot	ओठ	24.8	0.0064
ui	वा	24.8	0.0131
dn	डन	24.7	0.2824
oa	ोए	24.7	0.0539
ut	ुठ	24.6	0.0054
gt	गट	24.6	0.3901
wo	ओ	24.5	0.0340
et	ीट	24.5	0.0039
hy	ष	24.5	0.0054
nb	णभ	24.4	0.0123
uj	ूज	24.3	0.0179
e	य	24.3	0.0002
h	हे	24.2	0.0002
ta	्ट	24.2	0.0005
y	यँ	24.2	0.0003
nx	ँछ	24.2	1.0000
rg	रघ	24.2	0.1089
w	वी	24.1	0.0004
cc	क	24.1	0.1270
ze	जे	24.1	0.0950
ze	ेज	24.0	0.0946
on	ओन	23.9	0.0070
em	ीम	23.9	0.0114
e	ीई	23.8	0.0002
k	सक	23.7	0.0001
an	ाङ	23.7	0.0004
be	्ब	23.7	0.0064
bh	भ्	23.6	0.0005
ur	ौर	23.4	0.0027
un	न्	23.4	0.0020
on	अन	23.3	0.0068
en	इन	23.3	0.0048
le	ल	23.2	0.0008
es	स्	23.0	0.0037
mh	ंह	23.0	0.0827
ev	यु	22.9	0.0185
on	शन	22.7	0.0067
bu	भु	22.7	0.0050
hk	चक	22.7	0.0240
iw	िब	22.7	0.0084
ta	टह	22.7	0.0005
yt	िट	22.6	0.1412
ua	्व	22.5	0.0161
ag	ाघ	22.5	0.0025
fh	फह	22.5	1.0000
h	ाह	22.5	0.0002
nt	ंठ	22.5	0.0176
ll	एल	22.5	0.0131
aj	अझ	22.4	0.0031
cb	कब	22.4	0.9267
yh	यह	22.4	0.2644
al		22.3	0.0007
id	ढ	22.3	0.0032
n	ा	22.3	0.0001
yw	ीव	22.2	0.5762
jn	ज्	22.2	0.1340
ka	ख	22.2	0.0004
t	्च	22.2	0.0001
a	ला	22.2	0.0000
vj	वज	22.1	1.0000
sa	इस	22.1	0.0004
ab	एब	22.1	0.0023
fo	्फ	22.1	0.0281
nh	ह्	22.0	0.0098
an		22.0	0.0003
ac	ए	22.0	0.0037
or	अर	21.9	0.0050
ga	गे	21.9	0.0010
a	एए	21.8	0.0000
io	एश	21.8	0.0072
tb	टभ	21.7	0.0270
i	द्	21.7	0.0001
xa	छा	21.7	0.0390
ai	रै	21.7	0.0002
a	य	21.6	0.0000
c	्स	21.5	0.0005
nt	ंथ	21.4	0.0168
ue	लू	21.4	0.0345
et	इट	21.3	0.0034
gt	ट	21.3	0.3381
co	्थ	21.2	0.0044
sc	श	21.2	0.0680
hb	भ	21.2	0.1226
pg	पग	21.1	0.8789
su	ज	21.1	0.0025
ej	एझ	21.0	0.0212
lu	लक	21.0	0.0074
vb	वब	20.9	0.6842
ac	अ	20.9	0.0035
od	ड	20.8	0.0074
be	भे	20.8	0.0056
ud	ुड	20.8	0.0041
mv	ंव	20.8	0.3352
lt	ल्	20.7	0.0655
nt	णत	20.6	0.0162
ov	ाव	20.6	0.0432
pr	प	20.6	0.0643
ct	ना	20.5	0.0333
se	सि	20.4	0.0042
rn	्न	20.4	0.1813
wp	वप	20.4	1.0000
d	ढ्	20.3	0.0002
eb	ीब	20.3	0.0145
e	ईए	20.2	0.0001
he	ेँ	20.2	0.0031
g	कग	20.1	0.0003
t	ा	20.1	0.0001
gs	स	20.1	0.1291
on	ण्	20.1	0.0059
ea	एअ	20.1	0.0161
tu	ेच	20.0	0.0049
ua	ूअ	20.0	0.0143
ir	यर	19.8	0.0015
lc	लच	19.8	0.0330
az	अज	19.8	0.0714
ba	्ब	19.7	0.0006
ed		19.7	0.0066
xc	्स	19.7	1.0000
jo	झो	19.6	0.0126
gv	गव	19.6	1.0000
oj	ओज	19.6	0.0124
u	ौँ	19.6	0.0002
ms	मश	19.6	0.0300
d	कड	19.5	0.0002
ec	िक	19.4	0.0109
uo	लो	19.4	0.1506
xi	षी	19.4	0.1154
lk	लख	19.3	0.0116
ig	इग	19.3	0.0092
i	ति	19.1	0.0001
au	ो	19.1	0.0007
ah	हे	19.1	0.0007
to	टक	19.1	0.0031
pp	अप	19.0	0.0700
nr	नृ	18.9	0.0259
x	्छ	18.9	0.0072
ye	यी	18.9	0.0065
to	थो	18.9	0.0031
nh	ह	18.9	0.0085
jb	जभ	18.9	0.1182
o	वा	18.8	0.0002
s	क्	18.8	0.0001
zm	जम	18.8	1.0000
ug	ग	18.8	0.0180
ti	ठी	18.8	0.0008
oe	ओइ	18.7	0.0467
i	ए	18.7	0.0001
en	ीन	18.7	0.0038
t	तः	18.6	0.0001
ap	ाफ	18.6	0.0018
ec	ए	18.6	0.0104
h	्ष	18.5	0.0002
it	िट	18.5	0.0008
m	्य	18.4	0.0001
sn	सन	18.4	0.6331
l	क्	18.3	0.0001
ov	भ	18.3	0.0383
ej	ेझ	18.2	0.0183
k	ाक	18.2	0.0001
dh	ढ्	18.2	0.0004
bn	भन	18.1	0.4138
r	यर	18.1	0.0001
ck	कह	18.1	0.0194
ay	ेय	18.0	0.0010
x	एक	18.0	0.0069
yd	ईड	18.0	0.0757
bc	बी	17.9	0.7311
ea	अ	17.9	0.0143
re	ेर	17.9	0.0015
td	टड	17.9	0.0807
fi	फी	17.8	0.0111
ab	आव	17.8	0.0019
ho	ह	17.8	0.0054
na	नः	17.8	0.0004
yk	यक	17.8	0.0732
rs	र्	17.8	0.0102
g		17.8	0.0003
gg	ग्	17.8	0.1579
ys	ीस	17.8	0.0708
m	सम	17.7	0.0001
yn	इन	17.7	0.2127
ln	लन	17.5	0.2299
ys	ेस	17.4	0.0695
jr	जर	17.4	1.0000
ac	अच	17.3	0.0029
hb	ःभ	17.3	0.1003
br	ब्	17.3	0.0407
yl	ईल	17.3	0.0527
r	री	17.2	0.0001
n	वा	17.2	0.0001
od	ोद	17.2	0.0061
ha	्छ	17.1	0.0004
an	अँ	17.1	0.0003
ws	ूज	17.0	0.2680
ec	ेच	17.0	0.0096
ui	ूइ	17.0	0.0090
ra	रक	17.0	0.0002
in	ैन	17.0	0.0010
ms	ंश	17.0	0.0261
nn	न्	17.0	0.0302
it	ेट	17.0	0.0007
do	डक	17.0	0.0056
c	्	17.0	0.0004
dr	द्	17.0	0.0340
ud	द्	16.9	0.0034
ty	टि	16.9	0.0123
ea	जि	16.9	0.0135
us	उस	16.9	0.0040
ad	ढ़	16.8	0.0008
eg	ेघ	16.8	0.0181
ac	ेक	16.7	0.0028
ud	ुढ	16.7	0.0033
de	इड	16.7	0.0013
ck	ेक	16.7	0.0180
n	ङ	16.6	0.0001
gk	ख	16.5	0.0268
hl	हल	16.4	0.0328
bo	ब	16.4	0.0061
a	व	16.4	0.0000
eb	एब	16.3	0.0116
i	ती	16.3	0.0001
bw	बव	16.2	1.0000
ti	जे	16.2	0.0007
az	जा	16.2	0.0586
ci	शि	16.2	0.0098
n	ने	16.1	0.0001
a	म	16.1	0.0000
hp	प	16.1	0.0716
ha	्ष	16.1	0.0004
pl	्ल	16.1	0.0493
ye	िए	16.1	0.0055
e	क्	16.1	0.0001
aw		16.0	0.0017
ia	ीआ	16.0	0.0065
t	टह	16.0	0.0001
a	को	16.0	0.0000
r	प्	16.0	0.0001
t	्र	16.0	0.0001
of	अफ	16.0	0.0748
oz	ओज	16.0	0.5168
fe	ेफ	16.0	0.0135
ry	ि	16.0	0.0160
ha	ाह	15.9	0.0004
yp	इफ	15.9	0.0772
eh	एः	15.9	0.0102
se	य	15.9	0.0033
vo	भो	15.9	0.0535
ss	षा	15.9	0.0093
gr	ग्	15.9	0.0863
bm	वम	15.9	0.0890
ef	फ	15.9	0.0426
i	षी	15.9	0.0001
ay	ये	15.8	0.0009
i	कि	15.8	0.0001
ra	इर	15.8	0.0002
vo	वु	15.8	0.0533
a	ाः	15.8	0.0000
sa	सं	15.7	0.0003
aa	आफ	15.7	0.0019
eu	िय	15.7	0.0101
ei	टे	15.7	0.0148
vt	वत	15.7	1.0000
g	घ्	15.7	0.0002
rd	्द	15.7	0.0232
q	क	15.6	0.0242
wa	वे	15.5	0.0006
c	िक	15.5	0.0004
e	ाच	15.5	0.0001
au	ाै	15.5	0.0006
ep	िप	15.5	0.0078
ea	इय	15.4	0.0124
ph	फे	15.4	0.0066
et	एथ	15.4	0.0024
h	द्	15.4	0.0001
ld	लढ	15.4	0.0453
w	द्	15.4	0.0003
am	मा	15.4	0.0006
e	ना	15.3	0.0001
ue	ूए	15.3	0.0247
ab	आब	15.3	0.0016
ya	यः	15.3	0.0005
ue	उए	15.3	0.0246
ng	ङह	15.2	0.0004
o	े	15.2	0.0001
ih	ैः	15.2	0.0028
e	त्	15.2	0.0001
oy	य	15.2	0.0425
oi	ाइ	15.2	0.0090
hs	्ष	15.2	0.0386
w		15.1	0.0003
i	िस	15.1	0.0001
i	इच	15.1	0.0001
c	ने	15.1	0.0004
nj	नज	15.1	0.0115
i	िम	15.1	0.0001
e	ार	15.1	0.0001
ue	यू	15.1	0.0243
o	क	15.1	0.0001
te	दर	15.1	0.0020
s	ि	15.1	0.0001
ai	टै	15.0	0.0001
je	झे	15.0	0.0095
ml	ंल	15.0	0.0208
nt	ान	15.0	0.0118
ff	फ्	15.0	0.0760
iz		15.0	0.0585
r	क	15.0	0.0001
i	िः	15.0	0.0001
a	औ	15.0	0.0000
x	षा	15.0	0.0057
nb	ँब	15.0	0.0076
c	यु	15.0	0.0004
i	गै	15.0	0.0001
p	कप	15.0	0.0001
i	ीँ	15.0	0.0001
nt	ता	15.0	0.0117
rd	्	15.0	0.0222
el	वि	15.0	0.0028
m	ौं	15.0	0.0001
o	पु	15.0	0.0001
xa	चा	15.0	0.0270
l	रा	15.0	0.0001
k	ौं	15.0	0.0001
e	खा	15.0	0.0001
em	ली	15.0	0.0072
rt	टो	15.0	0.0799
ik	की	15.0	0.0011
t	प्	15.0	0.0001
s	प्	15.0	0.0001
a	हव	15.0	0.0000
e	पर	15.0	0.0001
i	को	15.0	0.0001
a	ुद	15.0	0.0000
w	श्	15.0	0.0003
x	ीक	15.0	0.0057
po	रा	15.0	0.0054
v	गा	15.0	0.0005
y	लो	15.0	0.0002
d	नो	15.0	0.0001
n	सम	15.0	0.0001
rt	थल	15.0	0.0799
u	का	15.0	0.0001
he	ऊ	15.0	0.0023
f	सा	15.0	0.0008
ss	टा	15.0	0.0087
ht	ान	15.0	0.0037
ge	ेश	15.0	0.0060
sh	प	15.0	0.0002
ry	ब	15.0	0.0151
l	गत	15.0	0.0001
in	ब्	15.0	0.0009
re	भा	15.0	0.0013
ar	से	15.0	0.0002
an	पक	15.0	0.0002
ho	ग	15.0	0.0046
da	मल	15.0	0.0006
ig	म	15.0	0.0072
mu	हत	15.0	0.0024
er	डी	15.0	0.0015
la	भू	15.0	0.0006
d	तथ	15.0	0.0001
be	त	15.0	0.0041
st	थम	15.0	0.0261
me	सन	15.0	0.0029
ry	ुक	15.0	0.0151
nd	मि	15.0	0.0023
pr	अभ	15.0	0.0469
ti	उप	15.0	0.0006
f	जर	15.0	0.0008
ve	तर	15.0	0.0101
el	चु	15.0	0.0028
vi	पी	15.0	0.0019
bi	जन	15.0	0.0015
ys	रण	15.0	0.0598
on	ौँ	15.0	0.0044
re	ाब	15.0	0.0013
nt	डा	15.0	0.0117
le	रण	15.0	0.0005
ji	चि	15.0	0.0027
rk	मद	15.0	0.0043
p	कव	15.0	0.0001
au	ैं	15.0	0.0006
re	अव	15.0	0.0013
f	मत	15.0	0.0008
rp	ान	15.0	0.0119
my	ना	15.0	0.0659
tl	ाध	15.0	0.0094
mo	ग	15.0	0.0051
op	ता	15.0	0.0090
it	मण	15.0	0.0007
pu	सङ	15.0	0.0016
vo	म	15.0	0.0505
me	ृह	15.0	0.0029
fi	प्	15.0	0.0093
dy	्न	15.0	0.0573
gr	अन	15.0	0.0815
ow	ौ	15.0	0.0318
ss	्ग	15.0	0.0087
fl	वि	15.0	0.1814
lo	घा	15.0	0.0036
pl	खे	15.0	0.0460
wo	का	15.0	0.0208
se	खो	15.0	0.0031
ws	ार	15.0	0.2358
st	भग	15.0	0.0261
li	जन	15.0	0.0013
me	गत	15.0	0.0029
oe	ित	15.0	0.0374
st	पढ	15.0	0.0261
pr	दब	15.0	0.0469
op	सल	15.0	0.0090
st	ँच	15.0	0.0261
ey	ैं	15.0	0.0040
pt	ली	15.0	0.1337
ly	लै	15.0	0.0295
te	जा	15.0	0.0020
yp	रक	15.0	0.0728
sk	दक	15.0	0.0103
ep	दम	15.0	0.0076
vg	सत	15.0	0.4563
it	ूँ	15.0	0.0007
ex	उद	15.0	0.3765
ey	आँ	15.0	0.0040
lp	दत	15.0	0.0237
os	ौष	15.0	0.0060
cs	ति	15.0	0.9502
po	शक	15.0	0.0054
ss	षी	15.0	0.0087
or	िश	15.0	0.0035
tr	पर	15.0	0.0338
io	पर	15.0	0.0050
pu	सं	15.0	0.0016
ll	अव	15.0	0.0088
oo	या	15.0	0.0034
ye	ऐ	15.0	0.0052
fo	बल	15.0	0.0191
cl	वर	15.0	0.0946
pe	जन	15.0	0.0065
wo	शब	15.0	0.0208
xu	चु	15.0	0.1743
ow	औ	15.0	0.0318
ld	्व	15.0	0.0441
rl	सं	15.0	0.0064
eg	ैध	15.0	0.0162
pi	जध	15.0	0.0037
we	स्	15.0	0.0081
ea	सज	15.0	0.0120
or	टि	15.0	0.0035
ac	ुष	15.0	0.0025
ly	िक	15.0	0.0295
ss	ति	15.0	0.0087
nt	ाश	15.0	0.0117
mb	णब	15.0	0.0303
tn	क्	15.0	0.0418
or	ोट	15.0	0.0035
vn	उन	15.0	0.5410
nt	ल	15.0	0.0117
em	खा	15.0	0.0072
wi	सा	15.0	0.0016
in	ूल	15.0	0.0009
bl	री	15.0	0.0413
ye	ै	15.0	0.0052
er	षक	15.0	0.0015
mo	मह	15.0	0.0051
ad	म्	15.0	0.0007
nt	िन	15.0	0.0117
ad	त	15.0	0.0007
lc	वा	15.0	0.0250
ng	म	15.0	0.0004
ea	रत	15.0	0.0120
st	टक	15.0	0.0261
fe	म	15.0	0.0127
kk	ःख	15.0	0.0188
ay	ला	15.0	0.0008
be	फा	15.0	0.0041
ic	ीय	15.0	0.0037
ar	जी	15.0	0.0002
ss	्द	15.0	0.0087
r	त्	15.0	0.0001
ct	्य	15.0	0.0243
ow		15.0	0.0318
ee	ै	15.0	0.0030
ce	का	15.0	0.0049
ll	त्	15.0	0.0088
ur	्ट	15.0	0.0017
ho	घण	15.0	0.0046
w	्	15.0	0.0003
hr	ाउ	15.0	0.0099
it	दा	15.0	0.0007
gh	धो	15.0	0.0013
en	ऋण	15.0	0.0031
km	एम	15.0	0.0243
kn	ज्	15.0	0.1882
rr	रु	15.0	0.0365
er	ति	15.0	0.0015
ca	रा	15.0	0.0055
e	ें	15.0	0.0001
co	म	15.0	0.0031
ng		15.0	0.0004
ri	िव	15.0	0.0005
ee	ार	15.0	0.0030
er		15.0	0.0015
oz	ोज	14.9	0.4832
w	जि	14.9	0.0003
in	त	14.9	0.0009
ce	ना	14.9	0.0049
br	पु	14.9	0.0352
ey	यक	14.9	0.0039
ne	मे	14.9	0.0009
u	शह	14.9	0.0001
rb	री	14.9	0.0082
nt		14.9	0.0117
ir	ाई	14.9	0.0011
te	शि	14.9	0.0020
ge	ल	14.9	0.0060
un	ञ्	14.9	0.0013
gh	्घ	14.9	0.0012
in	ल	14.9	0.0009
id		14.9	0.0021
dy	डे	14.9	0.0567
al	जी	14.9	0.0005
b	बच	14.8	0.0002
an	ी	14.8	0.0002
is	्र	14.8	0.0015
u	पय	14.8	0.0001
se	ोग	14.8	0.0031
im	त	14.8	0.0026
ct	डि	14.8	0.0240
id	दि	14.8	0.0021
rc		14.8	0.0106
ff	अफ	14.8	0.0748
st	ला	14.8	0.0257
ac	ंच	14.8	0.0025
eb	ीव	14.8	0.0105
nk	ण	14.8	0.0024
ax	्च	14.8	0.0539
xu	ौन	14.8	0.1717
ot	ु	14.8	0.0038
ye	यै	14.8	0.0051
z	ज़	14.7	0.0076
f	पह	14.7	0.0007
aa	ता	14.7	0.0018
eg	गा	14.7	0.0158
be	बर	14.7	0.0040
ee	िए	14.7	0.0029
st	द	14.7	0.0255
cc	खा	14.6	0.0772
nv	ँव	14.6	0.0420
xu	छू	14.6	0.1694
wh	्भ	14.6	0.1049
at	अट	14.6	0.0004
vs	वस	14.6	0.6459
ne	ख	14.5	0.0009
ws	बर	14.5	0.2285
se	जि	14.5	0.0030
ce	ुख	14.5	0.0047
ab	बा	14.5	0.0015
ry	था	14.5	0.0146
l	लय	14.5	0.0001
ec	एछ	14.5	0.0081
pv	पव	14.5	1.0000
ue	लु	14.5	0.0233
an	मौ	14.5	0.0002
ui	रु	14.4	0.0076
ve	अत	14.4	0.0097
yl	यल	14.4	0.0441
tz	टज	14.4	1.0000
in		14.4	0.0009
au	ै	14.4	0.0005
ez	एज	14.4	0.1318
bu	बू	14.4	0.0032
fa	म	14.3	0.0026
s	य	14.3	0.0001
yi		14.3	0.0150
un	ैँ	14.3	0.0012
ow	ओभ	14.3	0.0303
a	्द	14.2	0.0000
ol	प	14.2	0.0030
e	ईआ	14.2	0.0001
pr	भ	14.2	0.0444
ce	ाउ	14.2	0.0046
ii	ई	14.2	0.0168
av	ञव	14.2	0.0042
k		14.2	0.0001
ga	टा	14.1	0.0007
he	ही	14.1	0.0021
ko	का	14.1	0.0003
zi	जी	14.1	0.0596
zh	जह	14.1	0.5770
ey	ैय	14.1	0.0037
ep	प्	14.0	0.0071
s	रु	14.0	0.0001
mi	दु	14.0	0.0018
b	बै	14.0	0.0002
dd	ढ्	14.0	0.0131
gf	गफ	14.0	1.0000
to	प	14.0	0.0023
va	वे	13.9	0.0017
nb	ँभ	13.9	0.0070
ao	ाअ	13.9	0.0101
yl	ेल	13.9	0.0424
qu	कु	13.9	0.4871
ex	ौन	13.9	0.3481
an	आन	13.9	0.0002
rr	रे	13.9	0.0338
ou	यौ	13.9	0.0072
aa	बा	13.8	0.0017
rm		13.8	0.0076
ad	या	13.8	0.0007
tm	ठम	13.8	0.0121
ew	इभ	13.8	0.0122
of	रफ	13.7	0.0643
rs	र	13.7	0.0079
xe	छे	13.7	0.3123
r	रु	13.7	0.0001
ov	व	13.7	0.0286
ja	्ज	13.7	0.0009
rw	रब	13.6	0.0218
tw	तव	13.6	0.0355
o	रो	13.6	0.0001
uu	उ	13.6	0.1813
ug	ग्	13.6	0.0130
fa	खे	13.6	0.0025
da	डह	13.6	0.0005
co	आय	13.6	0.0028
me	क	13.6	0.0026
ys	ेश	13.6	0.0540
sh	ःश	13.5	0.0002
se	ेज	13.5	0.0028
ym	इम	13.5	0.0574
ce	ान	13.5	0.0044
g	गे	13.5	0.0002
ep	भ	13.5	0.0068
ho	अ	13.4	0.0041
tb	तभ	13.4	0.0167
im	इ	13.4	0.0023
sl	जल	13.4	0.0092
be	ल	13.4	0.0036
x	िच	13.4	0.0051
iq	िक	13.4	0.9051
tp	टफ	13.4	0.0303
ju	ज	13.3	0.0053
zz	ज	13.3	1.0000
mp	ाह	13.3	0.0563
ak	स्	13.2	0.0005
c	स्	13.2	0.0003
us	िध	13.2	0.0031
ll	रक	13.2	0.0077
ea	या	13.2	0.0106
oc	ो	13.2	0.0167
dd	डि	13.2	0.0123
rt	्	13.1	0.0699
l	ेल	13.1	0.0001
ef	ाभ	13.1	0.0351
a	गा	13.1	0.0000
on	स	13.1	0.0038
ua	ूआ	13.0	0.0093
m	कम	13.0	0.0001
kk	क्	13.0	0.0163
nk	खं	13.0	0.0021
pa		13.0	0.0004
ba	्व	13.0	0.0004
wb	वब	13.0	1.0000
ws	ुज	12.9	0.2032
ky	्ञ	12.9	0.0348
fw	फव	12.9	1.0000
eu		12.9	0.0083
el	िल	12.9	0.0024
ui	उइ	12.9	0.0068
ox	क्	12.9	0.4234
ff	एफ	12.8	0.0648
ie	ीए	12.8	0.0013
ai	ैज	12.8	0.0001
ak	आख	12.8	0.0005
fp	फप	12.7	1.0000
i	ज	12.7	0.0001
er	रे	12.7	0.0012
t	ां	12.7	0.0001
vn	वन	12.7	0.4590
en	्ञ	12.7	0.0026
ru	र	12.7	0.0005
ap	ञप	12.7	0.0012
sa	त	12.7	0.0002
i	ेय	12.7	0.0001
os	ओश	12.7	0.0051
vc	वच	12.6	1.0000
d	दक	12.6	0.0001
in	ईं	12.5	0.0008
hs	स	12.5	0.0319
hh	न्	12.4	0.0008
ea	ीय	12.4	0.0100
ye	की	12.4	0.0043
nt	ाग	12.4	0.0097
ge	का	12.4	0.0050
dc	द्	12.4	0.1113
lr	ल	12.4	0.0715
s	ास	12.4	0.0001
oo		12.4	0.0028
e	वे	12.4	0.0001
ax	छ	12.3	0.0449
u	क	12.3	0.0001
l	कल	12.3	0.0001
b	कब	12.3	0.0001
uc	ँउ	12.2	0.0091
ad	आड	12.2	0.0006
ek	क	12.2	0.0012
ux	्स	12.2	0.6455
k	खा	12.2	0.0001
iy	ैय	12.2	0.0018
da	ँद	12.2	0.0005
ar	षर	12.1	0.0002
d		12.1	0.0001
ho	चो	12.1	0.0037
ti	श	12.1	0.0005
ci	श	12.0	0.0073
gn	ेन	12.0	0.2968
hi	षी	11.9	0.0007
tt	ट्	11.9	0.0110
cc	खो	11.9	0.0627
t	ुट	11.9	0.0001
k	तक	11.8	0.0001
ad	ड़	11.8	0.0006
of	फ्	11.8	0.0553
d	डह	11.8	0.0001
e	से	11.8	0.0001
ea	लि	11.8	0.0094
ar	रः	11.8	0.0002
va	उप	11.8	0.0014
ea	ईए	11.7	0.0094
r	रक	11.7	0.0000
i	ा	11.7	0.0000
a	्च	11.7	0.0000
e	एँ	11.7	0.0001
an	एण	11.7	0.0002
vg	वघ	11.6	0.3541
ug	ूग	11.6	0.0111
so	ज	11.6	0.0039
ec	इच	11.6	0.0065
p	फ्	11.6	0.0001
hj	ज	11.6	0.2609
on	वा	11.6	0.0034
ka	्क	11.6	0.0002
go	ग	11.6	0.0045
y	ास	11.6	0.0002
or	िह	11.6	0.0027
hu	ः	11.5	0.0017
is	श	11.4	0.0012
i	हि	11.4	0.0000
rh	ह्	11.4	0.0072
eb	ब्	11.4	0.0081
uh	ौः	11.4	0.0056
it	इत	11.4	0.0005
i	ली	11.3	0.0000
pf	पफ	11.3	1.0000
ss	ेस	11.3	0.0066
sr	श्	11.3	0.1064
o	ओक	11.3	0.0001
ae	एय	11.3	0.0013
se	्ज	11.3	0.0023
ui	ूई	11.2	0.0059
al	थल	11.2	0.0004
ox	ोच	11.2	0.3693
wa	ब	11.2	0.0004
hg	ःग	11.2	0.1960
ll	ले	11.2	0.0065
d	ाद	11.2	0.0001
gt	गत	11.2	0.1772
la	्	11.2	0.0005
ll		11.1	0.0065
ye	ाए	11.1	0.0038
rd	र्	11.1	0.0164
an	ना	11.1	0.0002
db	दभ	11.0	0.0205
n	ैं	11.0	0.0001
en	यन	11.0	0.0023
ed	्ष	11.0	0.0037
in	प	11.0	0.0007
hu	ुँ	11.0	0.0016
iu	इउ	11.0	0.0080
ex	एक	11.0	0.2754
am	मक	11.0	0.0004
a	ू	10.9	0.0000
it	िश	10.9	0.0005
bt	वत	10.9	0.2198
ev	एभ	10.9	0.0088
ui	वी	10.9	0.0057
ii	ीई	10.9	0.0129
ao	ओ	10.8	0.0079
gi	जी	10.8	0.0030
bo	पु	10.8	0.0040
py	फि	10.8	0.0591
yc	िस	10.7	0.0508
eb	बा	10.7	0.0076
yt	िथ	10.7	0.0665
ah	आह	10.6	0.0004
uk	क्	10.6	0.0023
ea		10.6	0.0085
di	ढि	10.5	0.0008
oa	ो	10.4	0.0228
gu	ग	10.4	0.0029
d	ंद	10.4	0.0001
uk	उक	10.4	0.0023
fg	फग	10.4	1.0000
hd	द्	10.4	0.0162
ce	ास	10.4	0.0034
ss	स्	10.3	0.0060
v	वे	10.3	0.0004
ga	्ग	10.3	0.0005
sh	षा	10.3	0.0002
nd	ंध	10.2	0.0016
t	थि	10.2	0.0001
ok	ुक	10.2	0.0032
an	नी	10.2	0.0002
l	न्	10.2	0.0001
sp	जप	10.2	0.0375
ew	व	10.1	0.0090
a	ँ	10.1	0.0000
v	भि	10.1	0.0004
eg	ान	10.1	0.0109
gb	गभ	10.1	0.0595
u	ुर	10.1	0.0001
cc	्छ	10.0	0.0528
es		10.0	0.0016
uk	उख	10.0	0.0022
te	एट	10.0	0.0013
is	इश	10.0	0.0010
i	्इ	10.0	0.0000
v	भी	10.0	0.0004
i	कइ	10.0	0.0000
pr		10.0	0.0313
om	बढ	10.0	0.0063
nd	ोष	10.0	0.0015
fu	क	10.0	0.0067
ow	व	10.0	0.0211
rt	्थ	9.9	0.0530
ab	भा	9.9	0.0010
ez	ज	9.9	0.0910
ef	ेफ	9.9	0.0265
ce	स्	9.8	0.0032
mk	मख	9.8	0.0100
em	मे	9.8	0.0047
an	दा	9.8	0.0002
ho	छो	9.7	0.0030
yb	िब	9.7	0.0652
td	तध	9.7	0.0439
o	अ	9.7	0.0001
ii	ी	9.7	0.0115
av	एव	9.7	0.0029
ve	भ्	9.7	0.0065
mb	्ब	9.7	0.0195
un	ण्	9.7	0.0008
eg	एघ	9.7	0.0104
ab	ञब	9.6	0.0010
as	एस	9.6	0.0004
vb	वभ	9.6	0.3158
k	कह	9.6	0.0001
va		9.6	0.0012
eo	िय	9.5	0.0285
cd	या	9.5	0.7148
re	रो	9.5	0.0008
ei	ही	9.5	0.0089
mm	ंम	9.5	0.0126
ec	न	9.5	0.0053
on	ाव	9.4	0.0028
aw	तव	9.4	0.0010
la	्ल	9.4	0.0004
nd	न्	9.4	0.0014
ha	थ	9.4	0.0002
at	थ्	9.4	0.0003
rn	रन	9.4	0.0832
tu	टक	9.4	0.0023
ta	तँ	9.3	0.0002
e	क	9.3	0.0001
el	यल	9.2	0.0018
on	ोण	9.2	0.0027
iu	ीउ	9.2	0.0067
oo	कू	9.2	0.0021
nt	सद	9.2	0.0072
u	ो	9.2	0.0001
e	इए	9.2	0.0001
z	ाज	9.1	0.0047
ld	ुन	9.1	0.0268
go	स	9.1	0.0035
le	ली	9.1	0.0003
at	धत	9.1	0.0002
ug	ुघ	9.1	0.0087
iw	इव	9.1	0.0033
us	ऊष	9.1	0.0021
ei	एई	9.1	0.0085
ai	ैभ	9.0	0.0001
ia	इअ	9.0	0.0037
ik	ी	9.0	0.0006
hy	है	9.0	0.0020
ic	िश	9.0	0.0022
yg	िज	9.0	0.4702
ll	िल	9.0	0.0052
o	सो	8.9	0.0001
ec	क्	8.9	0.0050
et	ट	8.9	0.0014
mf	मफ	8.9	0.9036
uy	उय	8.8	0.0343
oa	ओआ	8.8	0.0192
at	ता	8.8	0.0002
e	ा	8.8	0.0001
em	म्	8.8	0.0042
to	टा	8.8	0.0014
o	्थ	8.8	0.0001
of	फ	8.8	0.0411
td	टध	8.8	0.0395
et	बत	8.7	0.0014
ia	इआ	8.7	0.0036
tr	ट्	8.7	0.0197
en	एण	8.7	0.0018
ag	आघ	8.7	0.0010
ec	अर	8.7	0.0049
ep	ीप	8.7	0.0044
ea	रि	8.7	0.0069
bb	ब्	8.7	0.1664
et	एट	8.7	0.0014
op	ुप	8.6	0.0052
ss	श	8.6	0.0050
av	एभ	8.6	0.0026
nm	ँम	8.6	0.0037
ty	थी	8.6	0.0063
ew	ेभ	8.6	0.0076
rk	रख	8.6	0.0025
mg	मघ	8.6	0.0730
wl	ञा	8.6	0.1244
jh	झु	8.5	0.0008
as	शः	8.5	0.0003
a	का	8.5	0.0000
gh	घा	8.5	0.0007
at	ज	8.5	0.0002
au	ौद	8.4	0.0003
hb	चब	8.4	0.0487
c	चे	8.4	0.0002
uo	वो	8.4	0.0651
u	ठ्	8.4	0.0001
i	ित	8.4	0.0000
ci	ाइ	8.4	0.0051
un	न	8.4	0.0007
yj	ीज	8.3	1.0000
wa		8.3	0.0003
wj	वज	8.3	1.0000
at	एथ	8.3	0.0002
sf	जफ	8.3	0.1221
ge	न	8.3	0.0033
e	िल	8.3	0.0001
id	ैद	8.3	0.0012
zh	्ज	8.3	0.3409
hk	ःक	8.3	0.0088
f	्य	8.3	0.0004
ua	वे	8.3	0.0059
nt	नत	8.2	0.0064
i	रि	8.2	0.0000
e	कड	8.2	0.0001
iw	ि	8.2	0.0030
is	ृष	8.2	0.0009
w	सव	8.2	0.0001
ss	से	8.2	0.0048
gy	्ञ	8.2	0.0036
ze	जि	8.1	0.0321
uc	ाउ	8.1	0.0060
at	अठ	8.1	0.0002
e	ले	8.1	0.0001
ub	ूभ	8.1	0.0036
ai	तै	8.1	0.0001
ac	चा	8.1	0.0014
w	भ	8.1	0.0001
hu	ह	8.1	0.0012
n	इन	8.1	0.0000
wd	वद	8.0	1.0000
ly	ल्	8.0	0.0157
ca	कै	8.0	0.0030
on	ँव	8.0	0.0023
eo	ईओ	7.9	0.0238
y	सि	7.9	0.0001
as	रश	7.9	0.0003
yn	िं	7.9	0.0955
da	ढ	7.9	0.0003
ef	इफ	7.9	0.0212
id	ि	7.9	0.0011
dh	ाध	7.9	0.0002
te	ईट	7.9	0.0011
id	ेड	7.8	0.0011
ir	ि	7.8	0.0006
b	ेव	7.8	0.0001
si	िज	7.8	0.0007
ek	ए	7.8	0.0008
cc	क्	7.7	0.0409
at	ाठ	7.7	0.0002
op	अ	7.7	0.0046
ud	उध	7.7	0.0015
ax	क्	7.7	0.0281
ep	िफ	7.7	0.0039
ul	ल	7.7	0.0011
at	या	7.7	0.0002
s	ँस	7.7	0.0000
ba	बे	7.6	0.0002
la	लै	7.6	0.0003
aw	ेभ	7.6	0.0008
tc	या	7.6	0.0271
gh	घ्	7.6	0.0006
t	ाथ	7.6	0.0000
zr	जर	7.6	1.0000
va	भे	7.5	0.0009
tu	सच	7.5	0.0018
tt	ाट	7.5	0.0069
on	ोङ	7.5	0.0022
eg	ज	7.5	0.0081
oc	ओस	7.5	0.0095
t	श	7.5	0.0000
po	प	7.5	0.0027
ot	ट्	7.4	0.0019
b	सब	7.4	0.0001
as		7.4	0.0003
b	बक	7.4	0.0001
rk	क	7.4	0.0021
b	वा	7.4	0.0001
rt	र	7.3	0.0391
v		7.3	0.0003
un	ुं	7.3	0.0006
ua	चु	7.3	0.0052
a	ष	7.3	0.0000
rf	रफ	7.3	0.5515
hi	धी	7.3	0.0004
ls	्स	7.3	0.0070
th	ठ्	7.3	0.0002
pa	पै	7.3	0.0002
eo	एओ	7.3	0.0218
ja	झा	7.3	0.0005
md	मध	7.2	0.0373
ap	या	7.2	0.0007
ks	कस	7.2	0.0065
h	हु	7.2	0.0001
hm	चम	7.2	0.0213
sa	जे	7.2	0.0001
nt	हा	7.1	0.0056
as	ए	7.1	0.0003
aw	वा	7.1	0.0008
i	िए	7.1	0.0000
ke	क	7.1	0.0014
ut	उथ	7.1	0.0016
at	अथ	7.1	0.0002
qu	क	7.0	0.2475
fo	फा	7.0	0.0090
ur	र	7.0	0.0008
pn	न्	7.0	0.0482
d	दु	7.0	0.0001
wo	वि	7.0	0.0097
ha	ः	7.0	0.0002
pe	ाफ	7.0	0.0030
ce	हा	7.0	0.0023
mo	म	7.0	0.0024
at	ेच	7.0	0.0002
te	टी	6.9	0.0009
he	चे	6.9	0.0011
ao	एओ	6.9	0.0050
he	कि	6.9	0.0010
gh	घु	6.9	0.0006
ny	नि	6.9	0.0073
sa	शः	6.8	0.0001
ky	क्	6.8	0.0184
ij	ज	6.8	0.0033
dy	ध्	6.8	0.0259
ro	रु	6.8	0.0009
v	वि	6.7	0.0002
tt	ेट	6.7	0.0062
sb	जब	6.7	0.0134
ux	क्	6.7	0.3545
ty	थि	6.7	0.0048
ei	इ	6.7	0.0062
a	ठा	6.6	0.0000
an	धन	6.6	0.0001
in	ीं	6.6	0.0004
ei	े	6.6	0.0062
as	ाश	6.6	0.0003
s	सस	6.6	0.0000
la	क्	6.6	0.0003
ya	यज	6.6	0.0002
ut	ट्	6.5	0.0014
ee	वी	6.5	0.0013
pe	्प	6.5	0.0028
as	ष्	6.5	0.0003
pa	फे	6.5	0.0002
yf	ेफ	6.5	1.0000
yv	ीव	6.5	0.6706
rt	ार	6.5	0.0346
ko		6.5	0.0001
a	त	6.5	0.0000
it	ेत	6.4	0.0003
a	न्	6.4	0.0000
d	ढ़	6.4	0.0001
j	ँज	6.4	0.0001
wl	ञ	6.4	0.0931
j	ाज	6.4	0.0001
wi	बी	6.4	0.0007
p	फा	6.4	0.0001
ab	आभ	6.4	0.0007
ip	ैप	6.4	0.0019
aj	झ	6.4	0.0009
zd	जद	6.4	1.0000
ig	ग	6.3	0.0030
ox	्स	6.3	0.2073
ey	नी	6.3	0.0017
ge	ान	6.3	0.0025
vg	वग	6.2	0.1897
ag	घ	6.2	0.0007
eh	ः	6.2	0.0040
la		6.2	0.0003
yg	िग	6.2	0.3247
ag	अज	6.2	0.0007
g	ँग	6.2	0.0001
a	ार	6.2	0.0000
vh	वह	6.2	0.1130
oc	क्	6.2	0.0078
re	अर	6.1	0.0005
no	णो	6.1	0.0023
at	एश	6.1	0.0002
c	को	6.1	0.0001
ti	थी	6.1	0.0002
ry	र्	6.0	0.0061
om		6.0	0.0038
aq	एक	6.0	0.4702
o	डो	6.0	0.0000
ra	रै	6.0	0.0001
u	उज	6.0	0.0001
a	कअ	6.0	0.0000
d	क्	6.0	0.0001
yw	िउ	6.0	0.1554
pn	नि	6.0	0.0414
nk	न	6.0	0.0010
vs	ुज	6.0	0.2654
fy	ी	6.0	0.3938
w	भ्	5.9	0.0001
ky	कि	5.9	0.0160
vo	वि	5.9	0.0200
of	ुफ	5.9	0.0278
hu	ूँ	5.9	0.0009
eh	एह	5.9	0.0038
ul	उल	5.9	0.0009
yb	ीभ	5.9	0.0396
ge	जी	5.9	0.0024
s	इस	5.9	0.0000
er	अर	5.9	0.0006
ld	न	5.9	0.0173
go	सु	5.9	0.0023
cg	या	5.9	0.7998
nn	णन	5.9	0.0104
fn	फन	5.9	0.7125
tb	टव	5.9	0.0073
oc	ओ	5.8	0.0074
ep	प	5.8	0.0030
yd	द	5.8	0.0245
by	ब्	5.8	0.0197
oc	टक	5.8	0.0073
ia	य	5.8	0.0024
eg	ेज	5.7	0.0062
wy	ब्	5.7	0.0705
ol	ल	5.7	0.0012
t	ठा	5.7	0.0000
ng	ङघ	5.7	0.0002
ar	रु	5.7	0.0001
yw	िव	5.7	0.1473
in	न्	5.7	0.0003
k	ेक	5.7	0.0000
vd	वध	5.7	0.1783
on	ुन	5.6	0.0016
ob	ओव	5.6	0.0042
tl	थल	5.6	0.0035
ga	गण	5.6	0.0003
ly	ला	5.6	0.0110
a	िए	5.6	0.0000
io	इओ	5.6	0.0019
qu	्व	5.6	0.1959
d	ढा	5.5	0.0000
c	ेक	5.5	0.0001
ss	ास	5.5	0.0032
dr	्र	5.5	0.0110
o	हो	5.5	0.0000
on	ओं	5.5	0.0016
oa	रो	5.5	0.0119
wo	ाओ	5.5	0.0076
io	ज	5.5	0.0018
zs	जस	5.4	1.0000
ze	जी	5.4	0.0215
ng	ंह	5.4	0.0001
re	री	5.4	0.0005
aw	रव	5.4	0.0006
ef	ए	5.4	0.0145
be	बि	5.4	0.0015
us	उष	5.4	0.0013
mo	मु	5.4	0.0018
jh	झा	5.4	0.0005
pe	फि	5.4	0.0023
un	औँ	5.4	0.0005
k	खि	5.4	0.0000
oa	र	5.4	0.0117
ag	एग	5.4	0.0006
ry	ी	5.3	0.0053
zy	जि	5.3	0.5118
eb	इब	5.3	0.0038
na	ँन	5.3	0.0001
nn	ान	5.3	0.0093
ho	कु	5.2	0.0016
vo	वर	5.2	0.0176
pa	फा	5.2	0.0002
hd	ःद	5.2	0.0081
ow	ो	5.2	0.0110
a	ै	5.2	0.0000
oa	ओअ	5.2	0.0113
s	से	5.1	0.0000
i	वी	5.1	0.0000
ui	यु	5.1	0.0027
u	हु	5.1	0.0000
d	दा	5.1	0.0000
em	इ	5.1	0.0024
e	के	5.0	0.0000
a	्स	5.0	0.0000
rn	्ण	5.0	0.0447
ip	प	5.0	0.0015
nd	ष	5.0	0.0008
fu	को	5.0	0.0034
u	र्	5.0	0.0000
i	आ	5.0	0.0000
u	ुं	5.0	0.0000
pr	बढ	5.0	0.0157
rh	ढ	5.0	0.0032
or	ऑर	5.0	0.0012
yc	इस	5.0	0.0236
oi	ाय	5.0	0.0030
oe	इ	5.0	0.0124
a	ज्	4.9	0.0000
rg	रज	4.9	0.0222
eo	इओ	4.9	0.0147
n	नी	4.9	0.0000
el	सल	4.9	0.0009
nu	णु	4.9	0.0004
u	वा	4.9	0.0000
an	ां	4.8	0.0001
oa	ओए	4.8	0.0106
bo	बु	4.8	0.0018
l	भन	4.8	0.0000
ew	वे	4.8	0.0043
hf	ःफ	4.8	0.1208
pi	पा	4.8	0.0012
ft	फट	4.8	0.4349
o	ु	4.8	0.0000
ja	जह	4.8	0.0003
py	पि	4.8	0.0262
ob	ब्	4.8	0.0036
ia	ैआ	4.8	0.0020
yz	िज	4.8	0.5661
sn	जन	4.8	0.1646
zw	जव	4.8	1.0000
fy	फ्	4.8	0.3157
lj	लझ	4.8	0.0324
aj	जा	4.8	0.0007
hb	बा	4.7	0.0275
t	्स	4.7	0.0000
us	सस	4.7	0.0011
ni	ने	4.7	0.0002
w	ाव	4.7	0.0001
as	रस	4.7	0.0002
ez	इज	4.7	0.0430
ep	ेफ	4.7	0.0024
m	मु	4.7	0.0000
b	बह	4.7	0.0001
a	ग्	4.7	0.0000
xt	्स	4.7	1.0000
t	तह	4.6	0.0000
ud	ुध	4.6	0.0009
za	जे	4.6	0.0096
kg	कघ	4.6	0.0902
a	्फ	4.6	0.0000
ak	षक	4.6	0.0002
ir	ैर	4.6	0.0003
ea	ली	4.6	0.0037
z	जि	4.6	0.0024
ul	ौल	4.6	0.0007
as	ेज	4.5	0.0002
de	ढे	4.5	0.0003
z	जा	4.5	0.0023
hg	ग	4.5	0.0792
oi	ओई	4.5	0.0027
i	िद	4.5	0.0000
ac	ा	4.5	0.0008
vy	वी	4.5	0.1272
e	इक	4.5	0.0000
yb	ईब	4.5	0.0300
ap	ए	4.5	0.0004
oc	ट	4.5	0.0056
es	ेज	4.4	0.0007
hg	ःघ	4.4	0.0774
e	ल्	4.4	0.0000
ii	ै	4.4	0.0053
eh	िह	4.4	0.0028
al	नी	4.4	0.0001
bv	बव	4.4	1.0000
ky	ख्	4.4	0.0119
fy	फी	4.4	0.2905
ad	धध	4.4	0.0002
ak	धक	4.4	0.0002
on	व	4.3	0.0013
ru	्र	4.3	0.0002
ti	टा	4.3	0.0002
aq	ाक	4.3	0.3367
jh	ँझ	4.3	0.0004
er	डर	4.3	0.0004
ti	एश	4.3	0.0002
i	ृ	4.3	0.0000
du	्ड	4.3	0.0008
a	सा	4.3	0.0000
ri	ृत	4.3	0.0001
b	वि	4.3	0.0000
av	यव	4.3	0.0013
zn	जन	4.3	1.0000
p	सप	4.2	0.0000
ev	एव	4.2	0.0034
sk	ाँ	4.2	0.0029
b	पु	4.2	0.0000
la	ाल	4.2	0.0002
gr	घृ	4.2	0.0228
lz	लज	4.2	1.0000
c	श	4.2	0.0001
yy	य्	4.2	1.0000
le	ेल	4.2	0.0002
gt	त	4.2	0.0661
il	ैल	4.1	0.0005
io	श्	4.1	0.0014
a	ट	4.1	0.0000
l	्	4.1	0.0000
ey	ेय	4.1	0.0011
vl	भल	4.1	0.0473
ay	या	4.1	0.0002
ws	ज	4.1	0.0645
j	झि	4.1	0.0001
ai	ई	4.1	0.0000
rd	्ड	4.1	0.0060
cu	को	4.1	0.0079
u	ुद	4.1	0.0000
ze	्ज	4.1	0.0160
ze	इज	4.1	0.0160
uf	फ	4.1	0.0211
ak	एक	4.0	0.0002
mt	म्	4.0	0.0470
w	कव	4.0	0.0001
f	कफ	4.0	0.0002
h	हो	4.0	0.0000
o	ोम	4.0	0.0000
f	यू	4.0	0.0002
s	कस	4.0	0.0000
k	्स	4.0	0.0000
rr	ेर	4.0	0.0098
w	डब	4.0	0.0001
rh	ढ़	4.0	0.0025
or	ऱ	4.0	0.0009
oa	ोऽ	4.0	0.0087
x	एफ	4.0	0.0015
wt	डब	4.0	0.5139
ps	सा	4.0	0.0236
ae	ो	4.0	0.0005
hu	चु	4.0	0.0006
ac	ेश	4.0	0.0007
f	फे	4.0	0.0002
to	एट	4.0	0.0007
me	मी	4.0	0.0008
n	कन	4.0	0.0000
it	ैठ	4.0	0.0002
hz	हज	4.0	0.7969
ne	प	3.9	0.0002
fj	फज	3.9	1.0000
l	्स	3.9	0.0000
ht	ट्	3.9	0.0010
ph	फि	3.9	0.0017
eu	उँ	3.9	0.0025
e	दे	3.9	0.0000
me	सद	3.9	0.0008
la	लक	3.9	0.0002
ov	ुव	3.9	0.0081
ly	ल	3.9	0.0076
ft	फत	3.9	0.3521
ev	िव	3.9	0.0031
i	ञि	3.9	0.0000
eu	च	3.8	0.0025
ac	ँच	3.8	0.0006
os	अस	3.8	0.0015
o	ोच	3.8	0.0000
ay	ा	3.8	0.0002
mm	मा	3.8	0.0050
cd	कड	3.8	0.2852
s	सि	3.8	0.0000
xa	्च	3.8	0.0068
wt	वत	3.8	0.4861
os	र	3.8	0.0015
ib	ीव	3.7	0.0009
v	ुव	3.7	0.0001
cz	्ज	3.7	1.0000
r	हर	3.7	0.0000
eg	एग	3.7	0.0040
t	ात	3.7	0.0000
if	ीफ	3.7	0.0070
am	एम	3.7	0.0001
yc	िक	3.7	0.0174
yz	इज	3.7	0.4339
h	चा	3.7	0.0000
yt	ीत	3.6	0.0228
ai	टे	3.6	0.0000
ch	छा	3.6	0.0001
s	ःश	3.6	0.0000
pt	पट	3.6	0.0323
a	रे	3.6	0.0000
gr	ग	3.6	0.0196
a	दा	3.6	0.0000
sn	स्	3.6	0.1236
pa	पक	3.6	0.0001
rh	रः	3.6	0.0023
ya	यं	3.6	0.0001
zv	जव	3.6	1.0000
ne	इन	3.6	0.0002
ec	एच	3.6	0.0020
e	ञे	3.6	0.0000
ve	िव	3.6	0.0024
be	इब	3.5	0.0010
kj	कझ	3.5	0.0351
dw	दव	3.5	0.0146
hu	ू	3.5	0.0005
ow	भ	3.5	0.0075
w	भि	3.5	0.0001
ot	ओत	3.5	0.0009
cj	कज	3.5	1.0000
zc	जक	3.5	1.0000
fz	फज	3.5	1.0000
bc	बच	3.5	0.1415
y	िय	3.5	0.0000
u	्य	3.5	0.0000
nr	णर	3.5	0.0047
tv	तव	3.4	0.0340
hg	घ	3.4	0.0600
o	िह	3.4	0.0000
ry	ास	3.4	0.0034
nu	न	3.4	0.0003
bt	बट	3.4	0.0683
et		3.4	0.0005
ga	्घ	3.4	0.0002
se	इज	3.4	0.0007
ss	शि	3.4	0.0020
eg	ीग	3.4	0.0037
eg	इग	3.4	0.0037
m	मक	3.4	0.0000
ab	रभ	3.4	0.0004
za	ज	3.4	0.0070
sw	स्	3.4	0.0365
i	इक	3.4	0.0000
hp	प्	3.4	0.0149
sg	षग	3.4	0.0385
yw	इव	3.4	0.0869
un	अं	3.3	0.0003
hv	ःव	3.3	0.0065
ou	िय	3.3	0.0017
r	रः	3.3	0.0000
ef	फ्	3.3	0.0089
zf	जफ	3.3	1.0000
si		3.3	0.0003
hn	ःन	3.3	0.0011
nu	नू	3.3	0.0003
ie	एँ	3.3	0.0003
co	कक	3.3	0.0007
yn	ेन	3.3	0.0396
at	ए	3.3	0.0001
lu	लू	3.3	0.0012
eo	ओ	3.3	0.0098
us	यु	3.3	0.0008
at	फत	3.3	0.0001
ze	ज़	3.3	0.0129
c	कि	3.3	0.0001
v	उप	3.2	0.0001
do	्ड	3.2	0.0011
en	एं	3.2	0.0007
pt	्प	3.2	0.0288
fv	फव	3.2	1.0000
hj	्ज	3.2	0.0726
me	इम	3.2	0.0006
pe	अप	3.2	0.0014
ok	तक	3.2	0.0010
aw	आ	3.2	0.0003
zg	जग	3.2	1.0000
ie	सी	3.2	0.0003
o	ीओ	3.2	0.0000
cl	इक	3.2	0.0200
no	न	3.2	0.0012
rf	र्	3.2	0.2386
te	टह	3.2	0.0004
dg	डघ	3.1	0.0220
gi	ज	3.1	0.0009
g	ङ्	3.1	0.0000
yp	प	3.1	0.0151
g	ाग	3.1	0.0000
eh	हे	3.1	0.0020
wh	वह	3.1	0.0222
rr	रर	3.1	0.0075
mu	म	3.1	0.0005
a	ता	3.1	0.0000
v	खो	3.1	0.0001
ud	ूद	3.1	0.0006
t	कट	3.1	0.0000
xi	क्	3.1	0.0182
an	सँ	3.0	0.0000
ap	आफ	3.0	0.0003
ff	ाफ	3.0	0.0154
ic	इ	3.0	0.0007
t	इत	3.0	0.0000
ho	कू	3.0	0.0009
o	्ल	3.0	0.0000
a	ैक	3.0	0.0000
uc	क	3.0	0.0022
vv	वव	3.0	1.0000
ig		3.0	0.0014
v	द्	3.0	0.0001
u	को	3.0	0.0000
y	यू	3.0	0.0000
pi	फी	3.0	0.0007
ys	ीज	3.0	0.0120
a	ड़	3.0	0.0000
m	आई	3.0	0.0000
e	एग	3.0	0.0000
l	एस	3.0	0.0000
m	्स	3.0	0.0000
ly	लु	3.0	0.0059
os	ऽस	3.0	0.0012
co	कॉ	3.0	0.0006
us	रस	3.0	0.0007
nt	ण्	3.0	0.0023
xh	्ज	3.0	0.0358
ai	ाए	3.0	0.0000
eo	ेव	3.0	0.0089
py	प्	3.0	0.0164
vy	भी	3.0	0.0842
te	ट्	3.0	0.0004
ur	यु	3.0	0.0003
ea	रो	3.0	0.0024
oq	ोक	3.0	1.0000
re	चर	3.0	0.0003
sy	स्	2.9	0.0112
el	अल	2.9	0.0006
ud	ौद	2.9	0.0006
fc	क्	2.9	0.5272
u	उउ	2.9	0.0000
ic	रि	2.9	0.0007
eg	ग्	2.9	0.0032
da	दक	2.9	0.0001
so	जो	2.9	0.0010
ae	ाई	2.9	0.0003
cu	यु	2.9	0.0056
n	नर	2.9	0.0000
yg	इज	2.9	0.1528
pg	पघ	2.9	0.1211
a	के	2.9	0.0000
he	की	2.9	0.0004
ur	ऊर	2.9	0.0003
av	तव	2.9	0.0009
ad	डा	2.9	0.0001
xe	क्	2.9	0.0652
uc	ु	2.9	0.0021
ap	ेप	2.9	0.0003
v	ेभ	2.9	0.0001
bi	ब	2.8	0.0003
hk	धक	2.8	0.0030
ia	ैअ	2.8	0.0012
ip	ईप	2.8	0.0008
ju	सज	2.8	0.0011
zy	जी	2.8	0.2745
a	र्	2.8	0.0000
bd	बद	2.8	0.0939
ia	ईअ	2.8	0.0012
g	गह	2.8	0.0000
ab	धब	2.8	0.0003
rr	रि	2.8	0.0069
cu	कक	2.8	0.0054
s	िज	2.8	0.0000
es	इस	2.8	0.0005
mk	एम	2.8	0.0029
ri	ृद	2.8	0.0001
to	सट	2.8	0.0005
dc	डच	2.8	0.0251
l	ँल	2.8	0.0000
rf	्फ	2.8	0.2099
av	ेव	2.8	0.0008
ha	हे	2.8	0.0001
an	णा	2.8	0.0000
ot	रद	2.8	0.0007
e	यू	2.8	0.0000
vi	भ्	2.8	0.0003
kd	कध	2.8	0.0118
at	था	2.8	0.0001
b	्भ	2.7	0.0000
je	ज्	2.7	0.0017
yp	ीप	2.7	0.0133
e	ेत	2.7	0.0000
ey	ए	2.7	0.0007
ri	्र	2.7	0.0001
ki	खी	2.7	0.0003
is	ईस	2.7	0.0003
p	पह	2.7	0.0000
wg	वग	2.7	0.7959
sr	जर	2.7	0.0256
ea	रे	2.7	0.0022
hu	ूत	2.7	0.0004
e	रे	2.7	0.0000
h	क	2.7	0.0000
gd	गड	2.7	0.0336
b	बु	2.7	0.0000
ho	क	2.7	0.0008
te	टा	2.7	0.0004
rh	रि	2.7	0.0017
ij	ैज	2.7	0.0013
yp	िफ	2.7	0.0130
s	जे	2.7	0.0000
bu	्ब	2.7	0.0006
s	ेज	2.7	0.0000
dr	ड्	2.7	0.0053
pa	पत	2.6	0.0001
yc	ईक	2.6	0.0125
eh	ह्	2.6	0.0017
do	धो	2.6	0.0009
u	र	2.6	0.0000
mb	मव	2.6	0.0053
sa	से	2.6	0.0000
ay	णय	2.6	0.0001
ge	क	2.6	0.0010
id	यड	2.6	0.0004
ah	ह्	2.6	0.0001
er	दर	2.6	0.0003
og	ग	2.6	0.0014
pd	पड	2.6	0.0388
iy	की	2.6	0.0004
aa		2.6	0.0003
im	म	2.6	0.0004
g	्घ	2.6	0.0000
ib	यभ	2.6	0.0006
ev	व	2.6	0.0021
ea	इए	2.6	0.0020
al	ला	2.5	0.0001
ld	ल्	2.5	0.0075
lr	रल	2.5	0.0146
po	पा	2.5	0.0009
ll	्ष	2.5	0.0015
ke	इक	2.5	0.0005
g	जा	2.5	0.0000
ea	ई	2.5	0.0020
ak	ञक	2.5	0.0001
uc	र	2.5	0.0019
iw	इभ	2.5	0.0009
es	ीज	2.5	0.0004
g	ज्	2.5	0.0000
rr	ार	2.5	0.0060
en	ङ्	2.5	0.0005
in	ऐन	2.5	0.0002
db	दव	2.5	0.0046
n	्ण	2.5	0.0000
j	्झ	2.4	0.0001
hi	षि	2.4	0.0001
i	थि	2.4	0.0000
ty	त्	2.4	0.0018
wa	ाव	2.4	0.0001
qa	का	2.4	1.0000
a	एआ	2.4	0.0000
us	लस	2.4	0.0006
ew	एभ	2.4	0.0021
ic	इक	2.4	0.0006
h	षा	2.4	0.0000
ir	र	2.4	0.0002
yh	ीः	2.4	0.0284
tb	ठभ	2.4	0.0030
w	भा	2.4	0.0000
ai	दै	2.4	0.0000
ew	वा	2.4	0.0021
ip	िफ	2.4	0.0007
el	ला	2.4	0.0005
i	ीय	2.4	0.0000
al	या	2.4	0.0001
ng	ँघ	2.4	0.0001
ok	क्	2.4	0.0007
ob	ब	2.4	0.0018
bs	वस	2.4	0.0249
fn	्न	2.4	0.2875
e	अ	2.4	0.0000
ta	्ठ	2.4	0.0000
g	घा	2.4	0.0000
ft	फ्	2.3	0.2130
ay	ए	2.3	0.0001
a	ाह	2.3	0.0000
dr	द	2.3	0.0047
da	दह	2.3	0.0001
kh	ाख	2.3	0.0001
a	अर	2.3	0.0000
h	ष्	2.3	0.0000
p		2.3	0.0000
ai	इ	2.3	0.0000
an	ैं	2.3	0.0000
s	त	2.3	0.0000
ck	ैक	2.3	0.0025
ik	िख	2.3	0.0002
ie	ज्	2.3	0.0002
a	ंक	2.3	0.0000
it	ि	2.3	0.0001
ya	यँ	2.3	0.0001
a	हा	2.3	0.0000
hl	ःल	2.3	0.0045
bh	्भ	2.3	0.0000
o	्व	2.3	0.0000
yk	का	2.3	0.0093
bb	बब	2.2	0.0432
io	्स	2.2	0.0007
hi	चि	2.2	0.0001
ar	थर	2.2	0.0000
we	व	2.2	0.0012
al	ञल	2.2	0.0001
re	इर	2.2	0.0002
g	घु	2.2	0.0000
zp	जप	2.2	1.0000
m	मि	2.2	0.0000
zy	जा	2.2	0.2138
se	्स	2.2	0.0005
yv	इव	2.2	0.2266
z	ेज	2.2	0.0011
gh	अघ	2.2	0.0002
os	ओष	2.2	0.0009
mb	मभ	2.2	0.0044
i	दी	2.2	0.0000
my	मि	2.2	0.0096
t	सट	2.2	0.0000
i	िर	2.2	0.0000
up	प	2.2	0.0004
t	शि	2.2	0.0000
wa	भे	2.2	0.0001
bc	बक	2.2	0.0880
ys	इस	2.1	0.0085
he	थे	2.1	0.0003
bh	इभ	2.1	0.0000
l	ा	2.1	0.0000
a	इ	2.1	0.0000
h	कि	2.1	0.0000
n	ेण	2.1	0.0000
i	सा	2.1	0.0000
at	ञत	2.1	0.0001
i	कै	2.1	0.0000
tu	स्	2.1	0.0005
jk	झख	2.1	0.0052
c	इक	2.1	0.0000
cn	या	2.1	0.5370
t	स्	2.1	0.0000
ik	ैज	2.1	0.0001
t	इट	2.1	0.0000
ha	्थ	2.1	0.0001
a	आर	2.1	0.0000
es	िस	2.1	0.0003
ns	न्	2.1	0.0004
nh	नः	2.1	0.0009
ec	इ	2.1	0.0012
gd	द	2.1	0.0256
nt	ेन	2.0	0.0016
w	ुव	2.0	0.0000
y	ेय	2.0	0.0000
hn	ण	2.0	0.0007
dt	ड्	2.0	0.0157
tt	टि	2.0	0.0019
av	ाभ	2.0	0.0006
i	दि	2.0	0.0000
a	ऐ	2.0	0.0000
n	्य	2.0	0.0000
ty	टा	2.0	0.0015
ct	ाक	2.0	0.0032
r	्य	2.0	0.0000
n	ँउ	2.0	0.0000
lh	ल्	2.0	0.0038
o	ाउ	2.0	0.0000
m	यू	2.0	0.0000
w	क्	2.0	0.0000
i	खि	2.0	0.0000
e	ूट	2.0	0.0000
i	िफ	2.0	0.0000
k	एस	2.0	0.0000
m	सी	2.0	0.0000
m	एक	2.0	0.0000
p	्स	2.0	0.0000
k	टी	2.0	0.0000
l	प्	2.0	0.0000
h	दे	2.0	0.0000
p	ीओ	2.0	0.0000
h	कघ	2.0	0.0000
p	आई	2.0	0.0000
so	सॉ	2.0	0.0007
zh	झे	2.0	0.0821
au	ऑस	2.0	0.0001
os	्ल	2.0	0.0008
vs	ोज	2.0	0.0887
oc	ओश	2.0	0.0025
ea	हे	2.0	0.0016
pk	पख	2.0	0.0050
ck	ाक	2.0	0.0021
tg	तघ	2.0	0.0128
qu	क्	2.0	0.0694
ab	रव	2.0	0.0002
yp	ईप	2.0	0.0096
ae	एई	2.0	0.0002
cq	्य	2.0	1.0000
ue	ाक	2.0	0.0032
f	फि	2.0	0.0001
is	ैश	2.0	0.0002
ud		2.0	0.0004
ac	अक	2.0	0.0003
ha	सह	2.0	0.0000
ko	खो	2.0	0.0000
kc	ख्	1.9	0.0040
uo	ूओ	1.9	0.0151
i	ीक	1.9	0.0000
er	रफ	1.9	0.0002
ap	रै	1.9	0.0002
uc	रक	1.9	0.0014
ed	डे	1.9	0.0006
eu	्च	1.9	0.0012
ol	ुल	1.9	0.0004
ef	भ	1.9	0.0051
ea	वे	1.9	0.0015
ua	व	1.9	0.0014
g	नू	1.9	0.0000
ia	सद	1.9	0.0008
tk	थी	1.9	0.0006
o	ाक	1.9	0.0000
sa	्ष	1.9	0.0000
o	कग	1.9	0.0000
gj	घझ	1.9	0.0499
cp	्प	1.9	1.0000
n	ाङ	1.9	0.0000
ay	अय	1.9	0.0001
h	्म	1.9	0.0000
ah	हु	1.9	0.0001
pe	फ	1.9	0.0008
e	जि	1.9	0.0000
am	रम	1.9	0.0001
am	या	1.9	0.0001
ot	ोथ	1.9	0.0005
hf	फ	1.9	0.0468
a	बा	1.9	0.0000
d	डः	1.9	0.0000
po	फ	1.9	0.0007
ad	ाढ	1.9	0.0001
le	इल	1.9	0.0001
ty	थ्	1.9	0.0013
nj	णज	1.9	0.0014
st	्ट	1.9	0.0032
en	न्	1.9	0.0004
fc	फस	1.8	0.3315
eg	ईज	1.8	0.0020
as	नस	1.8	0.0001
io	िअ	1.8	0.0006
ea	य	1.8	0.0015
p	ाप	1.8	0.0000
on	ून	1.8	0.0005
sa	सक	1.8	0.0000
ed	द्	1.8	0.0006
a	रा	1.8	0.0000
un	ून	1.8	0.0002
l	रक	1.8	0.0000
eg	नू	1.8	0.0019
oo	ल	1.8	0.0004
ga	गै	1.8	0.0001
ou	िध	1.8	0.0009
a	था	1.8	0.0000
cn	कन	1.8	0.4630
ik	ीख	1.8	0.0001
mp	मफ	1.8	0.0076
gt	गठ	1.8	0.0284
e	यु	1.8	0.0000
am	अं	1.8	0.0001
om	क	1.8	0.0011
u	कब	1.8	0.0000
cb	या	1.8	0.0733
ec	क	1.8	0.0010
o	व	1.8	0.0000
on		1.8	0.0005
rb	रव	1.8	0.0010
wc	वच	1.8	1.0000
th	ास	1.8	0.0000
tu	टअ	1.8	0.0004
ou	ओउ	1.7	0.0009
of	ओफ	1.7	0.0082
o	धो	1.7	0.0000
h	ि	1.7	0.0000
e	री	1.7	0.0000
ap	पा	1.7	0.0002
ad	ढा	1.7	0.0001
uc	चे	1.7	0.0013
ur	उर	1.7	0.0002
mp	ह	1.7	0.0072
iv	ीभ	1.7	0.0012
ec	ईक	1.7	0.0010
ud	ड्	1.7	0.0003
dj	डझ	1.7	0.0186
si	सा	1.7	0.0001
el	से	1.7	0.0003
hi	थी	1.7	0.0001
j	जह	1.7	0.0000
r	इर	1.7	0.0000
h	्थ	1.7	0.0000
gd	ग्	1.7	0.0210
ak	ख	1.7	0.0001
ha	ाः	1.7	0.0000
es	े	1.7	0.0003
iv	इव	1.7	0.0012
mt	मथ	1.7	0.0193
l	िल	1.7	0.0000
et	ेथ	1.7	0.0003
gm	ङम	1.7	0.0074
qi	कि	1.6	1.0000
w	भे	1.6	0.0000
m	नम	1.6	0.0000
t	च	1.6	0.0000
s	शा	1.6	0.0000
b	ेब	1.6	0.0000
ip	प्	1.6	0.0005
us		1.6	0.0004
t	ह्	1.6	0.0000
ou	उथ	1.6	0.0008
yn	ाइ	1.6	0.0195
dc	ढ्	1.6	0.0145
uw	ूव	1.6	0.0008
nc	ञ	1.6	0.0004
we	ेभ	1.6	0.0009
ap	फ	1.6	0.0002
di	डा	1.6	0.0001
al	लक	1.6	0.0001
ua	ुए	1.6	0.0011
c	्य	1.6	0.0000
ea	टि	1.6	0.0013
n	िन	1.6	0.0000
af	ए	1.6	0.0010
tc	्य	1.6	0.0056
tb	ठब	1.6	0.0020
be	ला	1.6	0.0004
zt	जट	1.6	1.0000
ef	फक	1.6	0.0042
e	ान	1.6	0.0000
da	ड़	1.6	0.0001
dg	दग	1.6	0.0110
a	एक	1.6	0.0000
it	वि	1.6	0.0001
a	ने	1.5	0.0000
ak	का	1.5	0.0001
pu	फु	1.5	0.0002
at	े	1.5	0.0000
iz	वि	1.5	0.0060
ax	िच	1.5	0.0056
oo	ऊर	1.5	0.0004
ys	इज	1.5	0.0061
h	्र	1.5	0.0000
hy	ति	1.5	0.0003
r	ेर	1.5	0.0000
aa	एए	1.5	0.0002
dl	ल	1.5	0.0015
sg	सघ	1.5	0.0175
uu	ुउ	1.5	0.0201
ak	िए	1.5	0.0001
nt	ग	1.5	0.0012
o	्त	1.5	0.0000
my	्र	1.5	0.0066
ed	द	1.5	0.0005
m	लम	1.5	0.0000
l	पा	1.5	0.0000
ya	ण	1.5	0.0000
au	ऊ	1.5	0.0001
at	नत	1.5	0.0000
ch	क	1.5	0.0000
hl	चल	1.5	0.0030
af	फ्	1.5	0.0009
hy	य	1.5	0.0003
sn	ज्	1.5	0.0509
rt	भ	1.5	0.0079
cg	कग	1.5	0.2002
t	चि	1.5	0.0000
dw	द्	1.5	0.0060
on	ं	1.5	0.0004
ll	्	1.5	0.0009
ed	ष	1.5	0.0005
he	ह	1.5	0.0002
c	ाक	1.5	0.0000
ah	रह	1.4	0.0001
h	घ	1.4	0.0000
tc	टच	1.4	0.0052
e	ल	1.4	0.0000
aq	क	1.4	0.1125
me	आय	1.4	0.0003
h	्ह	1.4	0.0000
ce	इस	1.4	0.0005
j	जि	1.4	0.0000
l	्य	1.4	0.0000
uc	ुछ	1.4	0.0011
lt	लथ	1.4	0.0045
re	क	1.4	0.0001
wi	बि	1.4	0.0001
kh	्ख	1.4	0.0000
ew	टु	1.4	0.0012
in	न	1.4	0.0001
d	ाड	1.4	0.0000
iq	ीक	1.4	0.0949
t	थह	1.4	0.0000
yi	ञी	1.4	0.0015
ie	रे	1.4	0.0001
da	दन	1.4	0.0001
ep		1.4	0.0007
ac	अछ	1.4	0.0002
as	ँस	1.4	0.0001
d	ाध	1.4	0.0000
be	ेब	1.4	0.0004
c	छा	1.4	0.0000
h	धा	1.4	0.0000
n	ें	1.4	0.0000
ij	ीझ	1.4	0.0006
wo	भो	1.3	0.0019
up	प्	1.3	0.0003
od	ओद	1.3	0.0005
b	ाब	1.3	0.0000
uj	ौज	1.3	0.0010
yt	इथ	1.3	0.0083
um	रम	1.3	0.0004
nt	्ट	1.3	0.0010
yw	ईव	1.3	0.0342
i	टि	1.3	0.0000
aw	धव	1.3	0.0001
ka	ःख	1.3	0.0000
io	व	1.3	0.0004
e	्ब	1.3	0.0000
ar	तर	1.3	0.0000
l	ेप	1.3	0.0000
s	शे	1.3	0.0000
ne	नि	1.3	0.0001
p	ाफ	1.3	0.0000
bh	ाभ	1.3	0.0000
ui	उई	1.3	0.0007
b	भए	1.3	0.0000
ab	रब	1.3	0.0001
hr	ृ	1.3	0.0008
oc	ोछ	1.3	0.0016
k	धक	1.3	0.0000
u	ुत	1.2	0.0000
ag	आज	1.2	0.0001
dk	डख	1.2	0.0012
p	फे	1.2	0.0000
ug		1.2	0.0012
y	ा	1.2	0.0000
hl	धल	1.2	0.0025
v	्भ	1.2	0.0000
ut	उट	1.2	0.0003
s	ेस	1.2	0.0000
vi	भ	1.2	0.0002
io	ीओ	1.2	0.0004
ad	रद	1.2	0.0001
yk	इक	1.2	0.0050
j	झा	1.2	0.0000
yc	ाइ	1.2	0.0057
d	ेद	1.2	0.0000
oo	रो	1.2	0.0003
s	सम	1.2	0.0000
rm	खे	1.2	0.0007
av	रव	1.2	0.0004
h	ाँ	1.2	0.0000
ij	िझ	1.2	0.0006
r	रू	1.2	0.0000
nd	ंढ	1.2	0.0002
ih	इः	1.2	0.0002
i	नि	1.2	0.0000
f	फक	1.2	0.0001
hm	हम	1.2	0.0035
i	घि	1.2	0.0000
i	जि	1.2	0.0000
o	स	1.2	0.0000
m		1.2	0.0000
co	कन	1.2	0.0002
d	्	1.2	0.0000
hy	थी	1.2	0.0003
fe	फि	1.2	0.0010
ga	नू	1.2	0.0001
u	व	1.2	0.0000
tg	ठग	1.2	0.0075
il	ल	1.2	0.0001
li	ला	1.1	0.0001
au	यो	1.1	0.0000
k	्ख	1.1	0.0000
gs	ङस	1.1	0.0074
t	स	1.1	0.0000
x	ौन	1.1	0.0004
zl	ल	1.1	0.0385
aa	ब	1.1	0.0001
e	लि	1.1	0.0000
iy		1.1	0.0002
sg	सज	1.1	0.0130
dt	ढत	1.1	0.0088
ep	इफ	1.1	0.0006
i	ैभ	1.1	0.0000
yr	ीर	1.1	0.0105
ga	गह	1.1	0.0001
i	इम	1.1	0.0000
ad	रध	1.1	0.0001
ps	प्	1.1	0.0065
m	मै	1.1	0.0000
v	भे	1.1	0.0000
a	क्	1.1	0.0000
ea	एए	1.1	0.0009
dq	डक	1.1	1.0000
ja	ँज	1.1	0.0001
ae	इ	1.1	0.0001
gk	क	1.1	0.0018
vz	यु	1.1	1.0000
y	ये	1.1	0.0000
kz	कज	1.1	1.0000
j	सज	1.1	0.0000
fa	ेय	1.1	0.0002
ym	मे	1.1	0.0046
ha	ञह	1.1	0.0000
n	नँ	1.1	0.0000
y	के	1.1	0.0000
du	डक	1.1	0.0002
ig	यघ	1.1	0.0005
dz	दज	1.1	1.0000
me	ाग	1.1	0.0002
se	शे	1.1	0.0002
a	रि	1.1	0.0000
sp	्प	1.1	0.0040
ho	अस	1.1	0.0003
op		1.1	0.0006
ll	लि	1.1	0.0006
ju	जू	1.1	0.0004
at	यत	1.1	0.0000
ta	तत	1.1	0.0000
ja	जे	1.1	0.0001
gk	घख	1.1	0.0017
a	सल	1.1	0.0000
ja	जन	1.1	0.0001
he	ाच	1.1	0.0002
a	ल	1.1	0.0000
bd	ब	1.1	0.0352
r	रफ	1.1	0.0000
sa	्स	1.1	0.0000
la	ख्	1.1	0.0000
s	ःस	1.1	0.0000
yd	ेड	1.0	0.0044
yb	ेब	1.0	0.0070
um		1.0	0.0003
w	त्	1.0	0.0000
i	त्	1.0	0.0000
c	एच	1.0	0.0000
pl	प्	1.0	0.0032
a	्	1.0	0.0000
aq	अक	1.0	0.0806
ba	बद	1.0	0.0000
t	टक	1.0	0.0000
k	स	1.0	0.0000
le	कल	1.0	0.0000
e	इम	1.0	0.0000
to	पर	1.0	0.0002
ur	्य	1.0	0.0001
a	सम	1.0	0.0000
ga	ँग	1.0	0.0000
uh	ऊह	1.0	0.0005
i	अ	1.0	0.0000
g	सग	1.0	0.0000
dy	्य	1.0	0.0039
i	रा	1.0	0.0000
hb	हब	1.0	0.0059
w	इव	1.0	0.0000
u	ुम	1.0	0.0000
i	्स	1.0	0.0000
u	सु	1.0	0.0000
cu	्क	1.0	0.0019
a	ओ	1.0	0.0000
i	िआ	1.0	0.0000
r	्क	1.0	0.0000
jh	झे	1.0	0.0001
hz	्ज	1.0	0.2031
ot	ुट	1.0	0.0003
k	को	1.0	0.0000
ia	श	1.0	0.0004
y	वय	1.0	0.0000
od	ूड	1.0	0.0004
e	ईप	1.0	0.0000
p	ीए	1.0	0.0000
g	गो	1.0	0.0000
b	भू	1.0	0.0000
y	िम	1.0	0.0000
n	नो	1.0	0.0000
t	यत	1.0	0.0000
t	तु	1.0	0.0000
d	ा	1.0	0.0000
s	सु	1.0	0.0000
v	कव	1.0	0.0000
oc	ल	1.0	0.0013
t	सत	1.0	0.0000
a	ाट	1.0	0.0000
d	ँध	1.0	0.0000
se	ूज	1.0	0.0002
c	चि	1.0	0.0000
s	यु	1.0	0.0000
i	मै	1.0	0.0000
se	ुज	1.0	0.0002
n	ऐन	1.0	0.0000
i	यू	1.0	0.0000
a	ाउ	1.0	0.0000
s	शू	1.0	0.0000
y	िक	1.0	0.0000
s	ीए	1.0	0.0000
r	यु	1.0	0.0000
e	म	1.0	0.0000
e	बे	1.0	0.0000
yv	ि	1.0	0.1029
r	ओर	1.0	0.0000
e	इड	1.0	0.0000
b	बम	1.0	0.0000
er	रम	1.0	0.0001
t	टम	1.0	0.0000
f	यु	1.0	0.0001
o	ोग	1.0	0.0000
n	णो	1.0	0.0000
in	़ि	1.0	0.0001
o	ोभ	1.0	0.0000
ng	ङम	1.0	0.0000
b	कभ	1.0	0.0000
a	पे	1.0	0.0000
v	्य	1.0	0.0000
t	ला	1.0	0.0000
k	ीओ	1.0	0.0000
i	ीफ	1.0	0.0000
al	लफ	1.0	0.0000
d	न्	1.0	0.0000
k	एल	1.0	0.0000
b	्य	1.0	0.0000
n	भन	1.0	0.0000
c	्ल	1.0	0.0000
k	एच	1.0	0.0000
y	ील	1.0	0.0000
h	ूट	1.0	0.0000
l	सी	1.0	0.0000
y	ईट	1.0	0.0000
t	मा	1.0	0.0000
a	ीप	1.0	0.0000
t	ूब	1.0	0.0000
t	आई	1.0	0.0000
b	्ल	1.0	0.0000
a	ीओ	1.0	0.0000
g	ले	1.0	0.0000
t	आइ	1.0	0.0000
k	यू	1.0	0.0000
a	बी	1.0	0.0000
p	स्	1.0	0.0000
m	एच	1.0	0.0000
oo	उड	1.0	0.0002
c	पी	1.0	0.0000
p	एच	1.0	0.0000
l	टी	1.0	0.0000
t	डब	1.0	0.0000
a	ूट	1.0	0.0000
k	पी	1.0	0.0000
m	एफ	1.0	0.0000
n	्ब	1.0	0.0000
p	यु	1.0	0.0000
b	ीओ	1.0	0.0000
b	टी	1.0	0.0000
c	एम	1.0	0.0000
j	क्	1.0	0.0000
s	पी	1.0	0.0000
s	एम	1.0	0.0000
m	ूट	1.0	0.0000
m	ूस	1.0	0.0000
s	एफ	1.0	0.0000
b	एक	1.0	0.0000
f	आर	1.0	0.0001
l	मए	1.0	0.0000
g	ूप	1.0	0.0000
oa	रॉ	1.0	0.0022
pp	्ल	1.0	0.0037
ho	हॉ	1.0	0.0003
vr	ौर	1.0	0.0033
hf	फ़	1.0	0.0251
dn	ज्	1.0	0.0114
o	अो	1.0	0.0000
h	कह	1.0	0.0000
ah	सः	1.0	0.0000
cy	से	1.0	0.0021
a	एअ	1.0	0.0000
n	ां	1.0	0.0000
oo	स्	1.0	0.0002
ha	हर	1.0	0.0000
yg	ीग	1.0	0.0523
eo	ि	1.0	0.0030
um	उँ	1.0	0.0003
im	ईम	1.0	0.0002
ke	ईक	1.0	0.0002
i	यी	1.0	0.0000
wy	भी	1.0	0.0123
au	ओड	1.0	0.0000
e	ेष	1.0	0.0000
ya	लय	1.0	0.0000
ps	स	1.0	0.0058
ag	लग	1.0	0.0001
ak	रक	1.0	0.0000
u	िय	1.0	0.0000
a	ण	1.0	0.0000
ih	ईः	1.0	0.0002
bt	ब्	1.0	0.0198
u	ै	1.0	0.0000
z	जु	1.0	0.0005
iy	इय	1.0	0.0001
pe	फी	1.0	0.0004
j	जु	1.0	0.0000
hk	्ख	1.0	0.0010
ha	ठ	1.0	0.0000
g	ंग	1.0	0.0000
k	स्	1.0	0.0000
m	दु	1.0	0.0000
h	श्	1.0	0.0000
ct	कट	1.0	0.0016
je	ज	1.0	0.0006
ot	ुथ	1.0	0.0003
is	रु	1.0	0.0001
um	ौं	1.0	0.0003
ss	सि	1.0	0.0006
ds	्स	1.0	0.0016
bc	ब्	1.0	0.0394
wo	कव	1.0	0.0013
as	सा	1.0	0.0000
il	कग	1.0	0.0001
fa		1.0	0.0002
fa	फै	1.0	0.0002
ep	फ्	1.0	0.0005
t	तँ	1.0	0.0000
au	आ	1.0	0.0000
tl	ल	1.0	0.0006
ia	ईआ	1.0	0.0004
bs	ब्	1.0	0.0100
uj	ूझ	1.0	0.0007
ad	धा	1.0	0.0000
mf	्फ	0.9	0.0964
ng	ङग	0.9	0.0000
al	ए	0.9	0.0000
de	डर	0.9	0.0001
mm	मे	0.9	0.0013
ss	ेश	0.9	0.0006
ot		0.9	0.0002
ag	ञज	0.9	0.0001
a	जे	0.9	0.0000
ma	मै	0.9	0.0000
e	धे	0.9	0.0000
pe	पै	0.9	0.0004
s	मे	0.9	0.0000
ak	ेक	0.9	0.0000
ev	भे	0.9	0.0007
ah	धः	0.9	0.0000
s	ीज	0.9	0.0000
re	हा	0.9	0.0001
th	थे	0.9	0.0000
u	जु	0.9	0.0000
eu	अ	0.9	0.0006
ag	ाज	0.9	0.0001
a	ाम	0.9	0.0000
bg	बघ	0.9	0.0308
k	ाख	0.9	0.0000
ub	उब	0.9	0.0004
ut	ौट	0.9	0.0002
pe	सप	0.9	0.0004
sv	स्	0.9	0.0161
t	दा	0.9	0.0000
iy	ि	0.9	0.0001
pa	पश	0.9	0.0000
ab	सभ	0.9	0.0001
ak	ख्	0.9	0.0000
on	जन	0.9	0.0003
av	वा	0.9	0.0003
ev	भ	0.9	0.0007
ys	यज	0.9	0.0036
ai	कै	0.9	0.0000
nh	णः	0.9	0.0004
ib	यब	0.9	0.0002
nc	ंक	0.9	0.0002
tn	ट्	0.9	0.0025
aw	व्	0.9	0.0001
t	ेथ	0.9	0.0000
gl	ङल	0.9	0.0026
si	जा	0.9	0.0001
is	श्	0.9	0.0001
kt	्त	0.9	0.0014
ta	तर	0.9	0.0000
gj	ज	0.9	0.0230
ti	ए	0.9	0.0000
la	कल	0.9	0.0000
ri	ृं	0.9	0.0000
a	ि	0.9	0.0000
cl	कक	0.9	0.0054
m	यम	0.9	0.0000
tj	तझ	0.9	0.0082
ev	वे	0.9	0.0007
dt	्ड	0.9	0.0066
kh	खु	0.9	0.0000
pu	प	0.8	0.0001
it	थ्	0.8	0.0000
ys	ि	0.8	0.0033
ea	टी	0.8	0.0007
nv	्भ	0.8	0.0024
it	ृथ	0.8	0.0000
oo	हु	0.8	0.0002
bk	बख	0.8	0.0045
ce	उ	0.8	0.0003
ch	चि	0.8	0.0000
ok	टक	0.8	0.0003
gi	जा	0.8	0.0002
ea	री	0.8	0.0007
om	ूम	0.8	0.0005
es	से	0.8	0.0001
n	ञ	0.8	0.0000
iv	इभ	0.8	0.0006
jh	झि	0.8	0.0001
t	द	0.8	0.0000
pr	भा	0.8	0.0025
sn	्न	0.8	0.0278
op	ूप	0.8	0.0005
ie	ि	0.8	0.0001
sr	सर	0.8	0.0075
ja	जै	0.8	0.0001
v	ेव	0.8	0.0000
eb	ेव	0.8	0.0006
dg	दघ	0.8	0.0056
uy	ौय	0.8	0.0031
ab	धभ	0.8	0.0001
io	वा	0.8	0.0003
fc	फच	0.8	0.1412
cs	क्	0.8	0.0498
wl	भल	0.8	0.0114
va	वस	0.8	0.0001
dh	अध	0.8	0.0000
a	ः	0.8	0.0000
sa	ास	0.8	0.0000
uw	उव	0.8	0.0004
sc	सक	0.8	0.0025
is	ैस	0.8	0.0001
g	टा	0.8	0.0000
th		0.8	0.0000
op	रप	0.8	0.0005
cr	्र	0.8	0.0113
or	रा	0.8	0.0002
hy		0.8	0.0002
ek	े	0.7	0.0001
w	ब्	0.7	0.0000
na	नै	0.7	0.0000
md	मड	0.7	0.0038
uo	लु	0.7	0.0058
dv	द्	0.7	0.0157
h	े	0.7	0.0000
ac	ाछ	0.7	0.0001
ya	ञा	0.7	0.0000
n	णा	0.7	0.0000
us	अस	0.7	0.0002
ay	ले	0.7	0.0000
yc	ईस	0.7	0.0034
kr	क	0.7	0.0004
iy	ी	0.7	0.0001
fb	फभ	0.7	0.0079
kg	कज	0.7	0.0141
te	सट	0.7	0.0001
eb	बक	0.7	0.0005
a	टे	0.7	0.0000
dk	दख	0.7	0.0007
ut	ौठ	0.7	0.0002
ga	गर	0.7	0.0000
ra	रह	0.7	0.0000
wg	वघ	0.7	0.2041
kx	्ष	0.7	1.0000
ol	ल्	0.7	0.0001
kt	क्	0.7	0.0011
ie	िइ	0.7	0.0001
oc	क	0.7	0.0009
op	प्	0.7	0.0004
si	शि	0.7	0.0001
ne	्न	0.7	0.0000
s	सं	0.7	0.0000
s	ाष	0.7	0.0000
ae	ाइ	0.7	0.0001
yt	ाइ	0.7	0.0042
h	र्	0.7	0.0000
nn	ऐन	0.7	0.0012
tw	थव	0.7	0.0017
nd	ण्	0.7	0.0001
o	र	0.7	0.0000
as	यस	0.7	0.0000
hw	ःव	0.7	0.0004
ha	घा	0.7	0.0000
m	ं	0.7	0.0000
kn	कन	0.7	0.0082
e	्	0.7	0.0000
wa	वर	0.6	0.0000
er	िर	0.6	0.0001
ss	सा	0.6	0.0004
mm	मम	0.6	0.0009
ey	ली	0.6	0.0002
in	ीँ	0.6	0.0000
el	ले	0.6	0.0001
pt	प	0.6	0.0057
t	ेच	0.6	0.0000
sh	ाष	0.6	0.0000
p	ेप	0.6	0.0000
pj	पझ	0.6	0.0158
gz	गज	0.6	1.0000
wz	यु	0.6	1.0000
nc	इन	0.6	0.0001
h	श	0.6	0.0000
rt	्ट	0.6	0.0033
hi	ची	0.6	0.0000
uq	ुक	0.6	1.0000
ch		0.6	0.0000
a	थ	0.6	0.0000
hb	हभ	0.6	0.0035
pu	फू	0.6	0.0001
ik	क	0.6	0.0000
ay	वय	0.6	0.0000
uh	उः	0.6	0.0003
nm	ंम	0.6	0.0003
ee	की	0.6	0.0001
ys	जि	0.6	0.0024
he	के	0.6	0.0001
ai	य	0.6	0.0000
ah	हि	0.6	0.0000
ou	उ	0.6	0.0003
ra		0.6	0.0000
w	ेभ	0.6	0.0000
ou	रु	0.6	0.0003
hr	र	0.6	0.0004
ch	्क	0.6	0.0000
om	मा	0.6	0.0004
is	ि	0.6	0.0001
ou	र	0.6	0.0003
s	सक	0.6	0.0000
in	ि	0.6	0.0000
h	चे	0.6	0.0000
nc	न	0.6	0.0001
tc	ट	0.6	0.0020
jh	ाझ	0.6	0.0001
ry	ति	0.6	0.0006
ve	अ	0.6	0.0004
hh	छा	0.6	0.0000
ll	कल	0.6	0.0003
ar	रा	0.6	0.0000
os	रस	0.5	0.0002
ch	मौ	0.5	0.0000
sz	सज	0.5	1.0000
f	ेफ	0.5	0.0000
as	आष	0.5	0.0000
ps	पश	0.5	0.0032
ro	रू	0.5	0.0001
op	टप	0.5	0.0003
ve	ेभ	0.5	0.0004
pa	फ	0.5	0.0000
yr	ाइ	0.5	0.0050
uo	लू	0.5	0.0041
a	्थ	0.5	0.0000
be	ईब	0.5	0.0001
ry	्य	0.5	0.0005
et	एत	0.5	0.0001
uw	ौव	0.5	0.0003
th	ेथ	0.5	0.0000
ht	्त	0.5	0.0001
lt	लट	0.5	0.0016
m	ाल	0.5	0.0000
os	ोश	0.5	0.0002
sd	सध	0.5	0.0045
oo	रु	0.5	0.0001
rc	र	0.5	0.0004
sh	ँस	0.5	0.0000
v	ाव	0.5	0.0000
ti	ठि	0.5	0.0000
ot	ओथ	0.5	0.0000
in	कि	0.5	0.0000
jn	झ्	0.5	0.0000
ey	तै	0.5	0.0000
af	फा	0.5	0.0000
st	कथ	0.5	0.0000
ry	ा	0.5	0.0000
om	टम	0.5	0.0000
r	ृ	0.5	0.0000
ij	ज्	0.5	0.0000
ne	णे	0.5	0.0000
ed	ेध	0.5	0.0000
ar	रि	0.5	0.0000
pa	पर	0.5	0.0000
ff	फे	0.5	0.0000
gk	्ख	0.5	0.0000
ch	ँछ	0.5	0.0000
yl	ाइ	0.5	0.0000
e	जे	0.5	0.0000
fa	मु	0.5	0.0000
ce	ख	0.5	0.0000
c	ेस	0.5	0.0000
uc	ौच	0.5	0.0000
ow	भे	0.5	0.0000
wm	भम	0.5	0.0000
ud	ूड	0.5	0.0000
ym	यम	0.5	0.0000
ws	र	0.5	0.0000
ne	खब	0.5	0.0000
jr	ज्	0.5	0.0000
sc	सा	0.5	0.0000
el	इ	0.5	0.0000
ss	सस	0.5	0.0000
hs	हस	0.5	0.0000
km	खम	0.5	0.0000
i	ेइ	0.5	0.0000
gl	ल	0.5	0.0000
ot	त	0.5	0.0000
hn	न	0.5	0.0000
mm		0.4	0.0000
wh	व	0.4	0.0000
ct	्ट	0.4	0.0000
rk	्क	0.4	0.0000
wa	बा	0.4	0.0000
th	ाठ	0.4	0.0000
yv	भि	0.4	0.0000
h	हँ	0.4	0.0000
rs	्स	0.4	0.0000
il	ईल	0.4	0.0000
i	ैं	0.4	0.0000
in	ृङ	0.4	0.0000
tu	टर	0.4	0.0000
h	हि	0.4	0.0000
ka	कै	0.4	0.0000
ib	ईब	0.4	0.0000
bk	भक	0.4	0.0000
kh	खे	0.4	0.0000
hk	का	0.4	0.0000
z	जे	0.4	0.0000
n	दा	0.4	0.0000
b	वर	0.4	0.0000
op	रफ	0.4	0.0000
ow	लव	0.4	0.0000
et	ेठ	0.4	0.0000
ic	िछ	0.4	0.0000
pe	इप	0.4	0.0000
co	ेक	0.4	0.0000
ed	ेढ	0.4	0.0000
kp	खप	0.4	0.0000
wh	भ	0.4	0.0000
a	स	0.4	0.0000
us	यू	0.4	0.0000
at	ठ्	0.4	0.0000
as	या	0.4	0.0000
yf	फ	0.4	0.0000
k	कि	0.4	0.0000
bl	भल	0.4	0.0000
ar		0.4	0.0000
il	हि	0.4	0.0000
i	ैज	0.4	0.0000
ok	क	0.4	0.0000
a	फ	0.4	0.0000
id	ईद	0.4	0.0000
ug	ौघ	0.4	0.0000
ib	ैब	0.4	0.0000
ak	यक	0.4	0.0000
e	हे	0.4	0.0000
y	यं	0.4	0.0000
i	के	0.4	0.0000
ic	दै	0.4	0.0000
sa	सह	0.4	0.0000
ba	सब	0.4	0.0000
ia	ाइ	0.4	0.0000
ig	ृग	0.4	0.0000
n	यन	0.4	0.0000
dr	धृ	0.4	0.0000
tp	थप	0.4	0.0000
ys	शि	0.4	0.0000
eb	इभ	0.4	0.0000
a	ज	0.4	0.0000
ku	कू	0.4	0.0000
re	्र	0.4	0.0000
yo	य	0.4	0.0000
tc	तच	0.4	0.0000
ch	ाच	0.4	0.0000
nk	नख	0.4	0.0000
hd	द	0.4	0.0000
af	या	0.4	0.0000
gi	ग	0.4	0.0000
ug	ौग	0.4	0.0000
ge	ग	0.4	0.0000
ma	मह	0.4	0.0000
ti	्	0.4	0.0000
id	ध	0.4	0.0000
in	ण	0.4	0.0000
dn	दन	0.4	0.0000
ac	रच	0.4	0.0000
my	म्	0.4	0.0000
ou	खा	0.4	0.0000
f		0.4	0.0000
ud	ु	0.4	0.0000
h	ल	0.4	0.0000
xk	्स	0.4	0.0000
ai	रे	0.4	0.0000
ig	ैग	0.4	0.0000
rk	र	0.4	0.0000
dk	धक	0.4	0.0000
ds	डश	0.4	0.0000
ge		0.4	0.0000
na	णत	0.4	0.0000
aa	अ	0.4	0.0000
y	रि	0.3	0.0000
gp	प	0.3	0.0000
os	द	0.3	0.0000
h	सह	0.3	0.0000
l	ुल	0.3	0.0000
ie	ी	0.3	0.0000
bi	भी	0.3	0.0000
jt	जथ	0.3	0.0000
va	ाव	0.3	0.0000
la	्ख	0.3	0.0000
kd	कड	0.3	0.0000
id	रि	0.3	0.0000
du	धू	0.3	0.0000
da	ेद	0.3	0.0000
ts	ठस	0.3	0.0000
ay		0.3	0.0000
ws	वस	0.3	0.0000
hw	व	0.3	0.0000
h	था	0.3	0.0000
hl	ला	0.3	0.0000
ic	क	0.3	0.0000
gi	घी	0.3	0.0000
u	चु	0.3	0.0000
oi	वा	0.3	0.0000
sk	्स	0.3	0.0000
as	शा	0.3	0.0000
ea	े	0.3	0.0000
ar	यर	0.3	0.0000
so	इज	0.3	0.0000
an	नि	0.3	0.0000
a	द	0.3	0.0000
hs	स्	0.3	0.0000
ou	रू	0.3	0.0000
av	व्	0.3	0.0000
ap	धप	0.3	0.0000
ts	ट्	0.3	0.0000
fn	फ्	0.3	0.0000
ut		0.3	0.0000
na	ा	0.3	0.0000
pe	पी	0.3	0.0000
i	इन	0.3	0.0000
jc	जच	0.3	0.0000
em	टम	0.3	0.0000
o	ट्	0.3	0.0000
an	तन	0.3	0.0000
ab	वा	0.3	0.0000
u	ौद	0.3	0.0000
pp	पि	0.3	0.0000
ol		0.3	0.0000
er	सर	0.3	0.0000
u	ूत	0.3	0.0000
ot	ुव	0.3	0.0000
ec		0.3	0.0000
h	न्	0.3	0.0000
b	ाभ	0.3	0.0000
ot	यट	0.3	0.0000
e	सि	0.3	0.0000
ac	चि	0.3	0.0000
u	रु	0.3	0.0000
dc	्द	0.3	0.0000
r	रै	0.3	0.0000
on	रण	0.3	0.0000
hk	हक	0.3	0.0000
ya	यक	0.3	0.0000
sa		0.3	0.0000
si	शी	0.3	0.0000
a	चा	0.3	0.0000
ff	डफ	0.3	0.0000
ig	ैज	0.3	0.0000
au	उ	0.3	0.0000
et	यट	0.3	0.0000
ce		0.3	0.0000
ay	रय	0.3	0.0000
jg	जघ	0.3	0.0000
th	आठ	0.3	0.0000
ea	अर	0.3	0.0000
hb	चभ	0.3	0.0000
h	थ्	0.3	0.0000
fi	पह	0.3	0.0000
sh	षज	0.3	0.0000
ai	नै	0.3	0.0000
e	स	0.3	0.0000
s	े	0.3	0.0000
rm	्म	0.3	0.0000
it	िठ	0.3	0.0000
g	ेज	0.3	0.0000
af	अ	0.3	0.0000
an	ंज	0.3	0.0000
ks	क	0.3	0.0000
ac	दछ	0.3	0.0000
s	सङ	0.3	0.0000
l	ील	0.3	0.0000
su	शु	0.2	0.0000
ot	कट	0.2	0.0000
e	ै	0.2	0.0000
uh	ौह	0.2	0.0000
a	ना	0.2	0.0000
jc	झ्	0.2	0.0000
id	िढ	0.2	0.0000
oa		0.2	0.0000
t	ाठ	0.2	0.0000
fe	ेक	0.2	0.0000
nf	्फ	0.2	0.0000
e	रि	0.2	0.0000
ib	भ	0.2	0.0000
et	ि	0.2	0.0000
b	व्	0.2	0.0000
dy	ड्	0.2	0.0000
hd	चद	0.2	0.0000
t	्	0.2	0.0000
sh	ाश	0.2	0.0000
u	रू	0.2	0.0000
ys	यस	0.2	0.0000
as	रष	0.2	0.0000
t	र्	0.2	0.0000
kc	क	0.2	0.0000
in	इ	0.2	0.0000
rt	्त	0.2	0.0000
n	ंज	0.2	0.0000
em	मि	0.2	0.0000
gs	्स	0.2	0.0000
ct	ेक	0.2	0.0000
r	अर	0.2	0.0000
f	ाफ	0.2	0.0000
et	टे	0.2	0.0000
mr	मर	0.2	0.0000
i	ैँ	0.2	0.0000
ee	ति	0.2	0.0000
pc	प	0.2	0.0000
ey	रै	0.2	0.0000
c	ँछ	0.2	0.0000
ax	च्	0.2	0.0000
eb	भ	0.2	0.0000
b	्व	0.2	0.0000
ep	पा	0.2	0.0000
hu	धु	0.2	0.0000
us	ौस	0.2	0.0000
h	मद	0.2	0.0000
nw	्भ	0.2	0.0000
xu	न	0.2	0.0000
se	यौ	0.2	0.0000
si	स	0.2	0.0000
kr	क्	0.2	0.0000
we	वी	0.2	0.0000
w	वि	0.2	0.0000
ik	क्	0.2	0.0000
at	टा	0.2	0.0000
ed	न	0.2	0.0000
i	चि	0.2	0.0000
f	म	0.2	0.0000
hc	च	0.2	0.0000
h	ाः	0.2	0.0000
s	्	0.2	0.0000
a	ाए	0.2	0.0000
rs	िल	0.2	0.0000
c	का	0.2	0.0000
yr	यर	0.2	0.0000
un	ौन	0.2	0.0000
yg	इग	0.2	0.0000
au	यौ	0.2	0.0000
kr	्क	0.2	0.0000
a	ब	0.2	0.0000
kj	्ज	0.2	0.0000
co	्क	0.2	0.0000
f	खे	0.2	0.0000
n	षण	0.2	0.0000
ch	ंच	0.2	0.0000
g	गि	0.2	0.0000
y	ए	0.2	0.0000
ut	ुथ	0.2	0.0000
tu	टू	0.2	0.0000
by	भ्	0.2	0.0000
te	िट	0.2	0.0000
r	रो	0.2	0.0000
o	तो	0.2	0.0000
e	ाए	0.2	0.0000
ch	ीच	0.2	0.0000
tc	ाच	0.2	0.0000
tt	त्	0.2	0.0000
hc		0.2	0.0000
ne	िन	0.2	0.0000
ns	स्	0.2	0.0000
it	िथ	0.2	0.0000
ip	पा	0.2	0.0000
ub		0.2	0.0000
am	सम	0.2	0.0000
es	रे	0.2	0.0000
et	े	0.2	0.0000
er	इर	0.2	0.0000
dh	आध	0.2	0.0000
s	िस	0.2	0.0000
ct	ड	0.2	0.0000
im	ित	0.2	0.0000
de	धे	0.2	0.0000
e	ोग	0.2	0.0000
us	पय	0.2	0.0000
us	ष	0.2	0.0000
u	ाऊ	0.2	0.0000
st	ष्	0.2	0.0000
os	स	0.2	0.0000
if	लि	0.2	0.0000
yt	ईट	0.2	0.0000
gn	घ्	0.2	0.0000
lc	ल	0.2	0.0000
s	षा	0.2	0.0000
n	ी	0.2	0.0000
sa	शा	0.2	0.0000
wz	यू	0.2	0.0000
t	एश	0.2	0.0000
ll	ेल	0.2	0.0000
gb	ङब	0.2	0.0000
is	र	0.2	0.0000
im	ैम	0.2	0.0000
i	िन	0.2	0.0000
ij	ईज	0.2	0.0000
uv	ूव	0.2	0.0000
ha	घ	0.2	0.0000
i	टी	0.2	0.0000
ey	ले	0.2	0.0000
sa	श	0.2	0.0000
ab	तव	0.2	0.0000
it	तज	0.2	0.0000
ne	न्	0.2	0.0000
de	वि	0.2	0.0000
a	ात	0.2	0.0000
on	रन	0.2	0.0000
nd	नद	0.2	0.0000
io	िज	0.2	0.0000
aj	रज	0.2	0.0000
ve	िभ	0.2	0.0000
ad	दा	0.2	0.0000
un	उ	0.2	0.0000
it	ृत	0.2	0.0000
ic	इछ	0.2	0.0000
ui	्व	0.2	0.0000
sh	्श	0.2	0.0000
l	जी	0.1	0.0000
ba	ाब	0.1	0.0000
ba	बह	0.1	0.0000
dg		0.1	0.0000
jo	ज	0.1	0.0000
dk	्ड	0.1	0.0000
oa	ोर	0.1	0.0000
ph	इफ	0.1	0.0000
cn	क्	0.1	0.0000
ri	ृह	0.1	0.0000
oo	तो	0.1	0.0000
ti	ि	0.1	0.0000
in	लि	0.1	0.0000
y	इ	0.1	0.0000
du	डू	0.1	0.0000
ic	ाइ	0.1	0.0000
oa	ल	0.1	0.0000
hf	हफ	0.1	0.0000
is	ीश	0.1	0.0000
pa	ाप	0.1	0.0000
yn	न	0.1	0.0000
e	र	0.1	0.0000
ck	के	0.1	0.0000
e	िए	0.1	0.0000
rl	यर	0.1	0.0000
as	अ	0.1	0.0000
cs	्स	0.1	0.0000
us	टस	0.1	0.0000
kc	कच	0.1	0.0000
rd	र	0.1	0.0000
ib	ैभ	0.1	0.0000
fe	फर	0.1	0.0000
nw	व	0.1	0.0000
ic	टि	0.1	0.0000
u	ल	0.1	0.0000
dc	ड	0.1	0.0000
ka	कर	0.1	0.0000
ri	ऋण	0.1	0.0000
on	ोँ	0.1	0.0000
u	रो	0.1	0.0000
pe	पर	0.1	0.0000
ha	छा	0.1	0.0000
mc	म	0.1	0.0000
yc	ाई	0.1	0.0000
h	य	0.1	0.0000
hy	थि	0.1	0.0000
i	िज	0.1	0.0000
m	ेम	0.1	0.0000
he		0.1	0.0000
lc	ाल	0.1	0.0000
gh	ाघ	0.1	0.0000
r	ि	0.1	0.0000
an	या	0.1	0.0000
mw	्व	0.1	0.0000
u	ूर	0.1	0.0000
ng	िङ	0.1	0.0000
bh	भि	0.1	0.0000
gt	ङट	0.1	0.0000
gu	गू	0.1	0.0000
bl	ेब	0.1	0.0000
ul	ू	0.1	0.0000
ud	ड	0.1	0.0000
hv	व	0.1	0.0000
id	ृढ	0.1	0.0000
rx	्छ	0.1	0.0000
sm	्म	0.1	0.0000
au	छौ	0.1	0.0000
aa	हा	0.1	0.0000
ja	जग	0.1	0.0000
ys	ाइ	0.1	0.0000
va	वज	0.1	0.0000
g	ट	0.1	0.0000
uv	ौव	0.1	0.0000
ih	ैह	0.1	0.0000
uk	ौक	0.1	0.0000
he	द	0.1	0.0000
gw	ङव	0.1	0.0000
kk	्क	0.1	0.0000
ik	ैक	0.1	0.0000
xh	छि	0.1	0.0000
w	ेव	0.1	0.0000
de	द	0.1	0.0000
rp	र्	0.1	0.0000
ed	ान	0.1	0.0000
ac	ाँ	0.1	0.0000
ec	हे	0.1	0.0000
pn	प्	0.1	0.0000
et	त	0.1	0.0000
o	ट	0.1	0.0000
ta		0.1	0.0000
ga	ाग	0.1	0.0000
pl	पी	0.1	0.0000
is		0.1	0.0000
tk	त	0.1	0.0000
nj	्ज	0.1	0.0000
yl	ाई	0.1	0.0000
ah	णः	0.1	0.0000
yi	ञि	0.1	0.0000
hs	ष	0.1	0.0000
dh	धि	0.1	0.0000
e	टि	0.1	0.0000
ef	फा	0.1	0.0000
hs	चस	0.1	0.0000
gk	ङक	0.1	0.0000
ls	ल्	0.1	0.0000
on	ा	0.1	0.0000
ge	जर	0.1	0.0000
kd	क्	0.1	0.0000
p	फि	0.1	0.0000
b	री	0.1	0.0000
ur	शह	0.1	0.0000
a	ले	0.1	0.0000
na	ान	0.1	0.0000
ha	हत	0.1	0.0000
r	्	0.1	0.0000
rr	रा	0.1	0.0000
ap	अ	0.1	0.0000
m	मह	0.1	0.0000
gj	ङज	0.1	0.0000
e	न	0.1	0.0000
sk	स	0.1	0.0000
il	ि	0.1	0.0000
ll	ला	0.1	0.0000
u	य	0.1	0.0000
um	ौम	0.1	0.0000
ri	रा	0.1	0.0000
b	ाव	0.1	0.0000
ea	िल	0.1	0.0000
rh	र	0.1	0.0000
n	रण	0.1	0.0000
ic	सि	0.1	0.0000
y	ञा	0.1	0.0000
tt	ठ्	0.1	0.0000
ie	रि	0.1	0.0000
xa	िच	0.1	0.0000
rt	भा	0.1	0.0000
ah	सह	0.1	0.0000
y	्	0.1	0.0000
y	ञ	0.1	0.0000
c	ाच	0.1	0.0000
a	अज	0.1	0.0000
gd	ङद	0.1	0.0000
ge	ुल	0.1	0.0000
br	प	0.1	0.0000
at	ा	0.1	0.0000
da	ाद	0.1	0.0000
i	थी	0.1	0.0000
ap	रप	0.1	0.0000
hh	ा	0.1	0.0000
is	स	0.1	0.0000
gt	ङ्	0.1	0.0000
nc	ाँ	0.1	0.0000
m	षा	0.1	0.0000
hi	ठी	0.1	0.0000
lt	्ट	0.1	0.0000
ty	ठ्	0.1	0.0000
mi	ि	0.1	0.0000
h	च्	0.1	0.0000
co	िक	0.1	0.0000
cl	क	0.1	0.0000
sh	शि	0.1	0.0000
gc	ग	0.1	0.0000
k	िक	0.1	0.0000
mn	म्	0.1	0.0000
w	ज	0.1	0.0000
in	ित	0.1	0.0000
ma	ाम	0.1	0.0000
td	ट्	0.1	0.0000
gt	ग	0.1	0.0000
ic	ी	0.1	0.0000
bk	बी	0.1	0.0000
n	म	0.1	0.0000
s	शि	0.1	0.0000
ja	ाज	0.1	0.0000
ye		0.1	0.0000
ak	तक	0.1	0.0000
cc	का	0.1	0.0000
ad		0.1	0.0000
we	ाव	0.1	0.0000
rl	ल्	0.1	0.0000
u	च	0.1	0.0000
gk	ग	0.1	0.0000
ac	द	0.1	0.0000
os	ो	0.1	0.0000
iz	ाइ	0.1	0.0000
fo	फर	0.1	0.0000
ah	तः	0.1	0.0000
ra	रज	0.0	0.0000
ve	इभ	0.0	0.0000
av	वि	0.0	0.0000
i	टे	0.0	0.0000
gp	ङप	0.0	0.0000
kh	ेख	0.0	0.0000
a	ं	0.0	0.0000
k	िए	0.0	0.0000
dh	ढि	0.0	0.0000
d	दी	0.0	0.0000
or	वर	0.0	0.0000
va	वर	0.0	0.0000
k	ए	0.0	0.0000
co	मु	0.0	0.0000
t	ति	0.0	0.0000
ac	छि	0.0	0.0000
ug	लग	0.0	0.0000
sr	स	0.0	0.0000
sa	सत	0.0	0.0000
ah	यह	0.0	0.0000
is	ज्	0.0	0.0000
l	ली	0.0	0.0000
dn	्न	0.0	0.0000
mv	्व	0.0	0.0000
xl	्ष	0.0	0.0000
nc		0.0	0.0000
ea	ीच	0.0	0.0000
ht	ठ	0.0	0.0000
ai		0.0	0.0000
gt	ङत	0.0	0.0000
y	यज	0.0	0.0000
re	ें	0.0	0.0000
ic	च	0.0	0.0000
cc	ख	0.0	0.0000
ne	ोप	0.0	0.0000
hk		0.0	0.0000
ui	इ	0.0	0.0000
dk	ड	0.0	0.0000
ar	वर	0.0	0.0000
fo	फु	0.0	0.0000
is	स्	0.0	0.0000
fk	्फ	0.0	0.0000
tn	त्	0.0	0.0000
we	िभ	0.0	0.0000
sk	एस	0.0	0.0000
ic		0.0	0.0000
ri	तृ	0.0	0.0000
gu	गञ	0.0	0.0000
we	्त	0.0	0.0000
ti	ेट	0.0	0.0000
ba	बढ	0.0	0.0000
mu	मल	0.0	0.0000
er	त्	0.0	0.0000
el	े	0.0	0.0000
oo	नु	0.0	0.0000
ph	फो	0.0	0.0000
in	ं	0.0	0.0000
iw	व	0.0	0.0000
il	ल्	0.0	0.0000
aw	वि	0.0	0.0000
ea	शि	0.0	0.0000
i	रै	0.0	0.0000
ag	ज्	0.0	0.0000
te	टर	0.0	0.0000
dh	ढु	0.0	0.0000
iu	ऊँ	0.0	0.0000
r	िर	0.0	0.0000
yk	ाई	0.0	0.0000
ve	भर	0.0	0.0000
r	ा	0.0	0.0000
lk	ल	0.0	0.0000
a	टा	0.0	0.0000
ch	छि	0.0	0.0000
yk	ए	0.0	0.0000
wl	्ञ	0.0	0.0000
kn	ज	0.0	0.0000
as	ा	0.0	0.0000
o	टो	0.0	0.0000
b		0.0	0.0000
yk	सी	0.0	0.0000
mm	्	0.0	0.0000
ak	मक	0.0	0.0000
u	अल	0.0	0.0000
sd	स्	0.0	0.0000
ap	यप	0.0	0.0000
ab	यब	0.0	0.0000
ks	्ष	0.0	0.0000
a	ाज	0.0	0.0000
re	ऋण	0.0	0.0000
e	टे	0.0	0.0000
oo	को	0.0	0.0000
od	ो	0.0	0.0000
m	्	0.0	0.0000
au	चौ	0.0	0.0000
e	यै	0.0	0.0000
b	इब	0.0	0.0000
ya	ाँ	0.0	0.0000
r	्म	0.0	0.0000
ak		0.0	0.0000
an	ा	0.0	0.0000
yk	ी	0.0	0.0000
ms	स्	0.0	0.0000
ga	घण	0.0	0.0000
dd	ुद	0.0	0.0000
uk	ू	0.0	0.0000
b	भि	0.0	0.0000
mk	म	0.0	0.0000
er	जर	0.0	0.0000
mh	्ह	0.0	0.0000
aw	ाउ	0.0	0.0000
ak	ा	0.0	0.0000
ce	सर	0.0	0.0000
ih	ृह	0.0	0.0000
us	ू	0.0	0.0000
en		0.0	0.0000
ou	्ट	0.0	0.0000
sk	स्	0.0	0.0000
a	एन	0.0	0.0000
ed	डि	0.0	0.0000
h	घण	0.0	0.0000
at	वत	0.0	0.0000
nd	ँ	0.0	0.0000
oo	ओठ	0.0	0.0000
i	धी	0.0	0.0000
tk	ट	0.0	0.0000
fk	एफ	0.0	0.0000
uc	डक	0.0	0.0000
is	ऋष	0.0	0.0000
be		0.0	0.0000
a	छ	0.0	0.0000
en	ल	0.0	0.0000
us	ु	0.0	0.0000
dk	ड़	0.0	0.0000
hi	खि	0.0	0.0000
kd	ख्	0.0	0.0000
e	मे	0.0	0.0000
hn	्	0.0	0.0000
pa	पढ	0.0	0.0000
hi		0.0	0.0000
i	छि	0.0	0.0000
dl	ड्	0.0	0.0000
rv	र्	0.0	0.0000
fk	फ	0.0	0.0000
ut	ठ्	0.0	0.0000
da	दै	0.0	0.0000
ey	का	0.0	0.0000
ll	्य	0.0	0.0000
m	्त	0.0	0.0000
no	तन	0.0	0.0000
hy	्	0.0	0.0000
al	तल	0.0	0.0000
ak	वक	0.0	0.0000
gb	ङभ	0.0	0.0000
n	्	0.0	0.0000
hh	छि	0.0	0.0000
tk	्ट	0.0	0.0000
sh	षण	0.0	0.0000
rr	या	0.0	0.0000
ar	रू	0.0	0.0000
a	्र	0.0	0.0000
dk	द	0.0	0.0000
ru	ू	0.0	0.0000
rv	्व	0.0	0.0000
i	िव	0.0	0.0000
e	इल	0.0	0.0000
p	पु	0.0	0.0000
as	वस	0.0	0.0000
io	शन	0.0	0.0000
gw	ग्	0.0	0.0000
sr	स्	0.0	0.0000
yl	टा	0.0	0.0000
nd	्ड	0.0	0.0000
ho	खो	0.0	0.0000
ch	जी	0.0	0.0000
nt	्त	0.0	0.0000
tz	ट्	0.0	0.0000
fa	फर	0.0	0.0000
dk	ड्	0.0	0.0000
gh	ंघ	0.0	0.0000
ns	स	0.0	0.0000
g	ङ	0.0	0.0000
io	सन	0.0	0.0000
rw	्व	0.0	0.0000
ae	भए	0.0	0.0000
ub	नु	0.0	0.0000
bk	ब	0.0	0.0000
to	टर	0.0	0.0000
jk	ज	0.0	0.0000
rk	र्	0.0	0.0000
hr	ह्	0.0	0.0000
rw	र्	0.0	0.0000
ri	ऋष	0.0	0.0000
ri	कृ	0.0	0.0000
ik	ति	0.0	0.0000
kw	क्	0.0	0.0000
rb	र्	0.0	0.0000
zk	ज	0.0	0.0000
pk	प	0.0	0.0000
tt	्त	0.0	0.0000
a	ति	0.0	0.0000
is	्य	0.0	0.0000
a	अन	0.0	0.0000
wk	व	0.0	0.0000
hk	च	0.0	0.0000
dk	ाद	0.0	0.0000
ik	ि	0.0	0.0000
h	षण	0.0	0.0000
rk	ार	0.0	0.0000
t	ित	0.0	0.0000
dr	्द	0.0	0.0000
nn	्न	0.0	0.0000
ef	इद	0.0	0.0000
e	ेन	0.0	0.0000
ga	गञ	0.0	0.0000
ns	्स	0.0	0.0000
sl	्स	0.0	0.0000
u	उत	0.0	0.0000
ad	म	0.0	0.0000
tp	्प	0.0	0.0000
ou	उण	0.0	0.0000
gk	ँग	0.0	0.0000
rt	िभ	0.0	0.0000
